video_name,score
-ocADGlyaHc_output_01_2.mp4,4.222
-ocADGlyaHc_output_01_3.mp4,4.667
-ocADGlyaHc_output_01_4.mp4,4.667
-ocADGlyaHc_output_01_6.mp4,4.333
-ocADGlyaHc_output_01_9.mp4,2.0
-ocADGlyaHc_output_02_0.mp4,4.333
-ocADGlyaHc_output_02_1.mp4,5.0
-ocADGlyaHc_output_02_4.mp4,4.0
-ocADGlyaHc_output_02_5.mp4,3.667
-ocADGlyaHc_output_02_6.mp4,3.333
-ocADGlyaHc_output_02_7.mp4,3.5
-ocADGlyaHc_output_02_8.mp4,3.0
-ocADGlyaHc_output_02_9.mp4,3.0
-ocADGlyaHc_output_03_0.mp4,5.0
-ocADGlyaHc_output_03_1.mp4,4.333
-ocADGlyaHc_output_03_3.mp4,3.778
-ocADGlyaHc_output_03_4.mp4,4.0
-ocADGlyaHc_output_03_5.mp4,4.0
-ocADGlyaHc_output_03_6.mp4,4.0
-ocADGlyaHc_output_03_7.mp4,3.333
-ocADGlyaHc_output_03_8.mp4,3.0
-ocADGlyaHc_output_03_9.mp4,1.333
-ocADGlyaHc_output_04_1.mp4,4.667
-ocADGlyaHc_output_04_2.mp4,4.667
-ocADGlyaHc_output_04_3.mp4,4.667
-ocADGlyaHc_output_04_4.mp4,3.667
-ocADGlyaHc_output_04_5.mp4,4.0
-ocADGlyaHc_output_04_6.mp4,4.267
-ocADGlyaHc_output_04_7.mp4,4.667
-ocADGlyaHc_output_04_8.mp4,2.0
-ocADGlyaHc_output_04_9.mp4,1.0
-ocADGlyaHc_output_05_0.mp4,4.333
-ocADGlyaHc_output_05_1.mp4,5.0
-ocADGlyaHc_output_05_2.mp4,3.667
-ocADGlyaHc_output_05_3.mp4,4.0
-ocADGlyaHc_output_05_4.mp4,5.0
-ocADGlyaHc_output_05_5.mp4,4.0
-ocADGlyaHc_output_05_6.mp4,3.25
-ocADGlyaHc_output_05_8.mp4,1.0
-ocADGlyaHc_output_05_9.mp4,1.0
-ocADGlyaHc_output_06_0.mp4,1.0
-ocADGlyaHc_output_06_1.mp4,1.333
-ocADGlyaHc_output_06_3.mp4,1.0
-ocADGlyaHc_output_06_5.mp4,2.5
-ocADGlyaHc_output_06_6.mp4,2.0
-ocADGlyaHc_output_06_7.mp4,3.048
-ocADGlyaHc_output_06_8.mp4,3.667
-ocADGlyaHc_output_06_9.mp4,4.0
-ocADGlyaHc_output_07_0.mp4,2.0
-ocADGlyaHc_output_07_1.mp4,3.0
-ocADGlyaHc_output_07_2.mp4,2.5
-ocADGlyaHc_output_07_3.mp4,3.444
-ocADGlyaHc_output_07_4.mp4,2.5
-ocADGlyaHc_output_07_5.mp4,2.833
-ocADGlyaHc_output_07_7.mp4,3.556
-ocADGlyaHc_output_07_8.mp4,3.333
-ocADGlyaHc_output_07_9.mp4,4.0
-ocADGlyaHc_output_08_0.mp4,1.0
-ocADGlyaHc_output_08_2.mp4,3.8
-ocADGlyaHc_output_08_3.mp4,4.667
-ocADGlyaHc_output_08_4.mp4,4.222
-ocADGlyaHc_output_08_6.mp4,4.667
-ocADGlyaHc_output_08_7.mp4,4.222
-ocADGlyaHc_output_08_8.mp4,3.667
-ocADGlyaHc_output_08_9.mp4,4.333
-ocADGlyaHc_output_09_0.mp4,3.0
-ocADGlyaHc_output_09_1.mp4,2.0
-ocADGlyaHc_output_09_2.mp4,1.667
-ocADGlyaHc_output_09_3.mp4,4.0
-ocADGlyaHc_output_09_4.mp4,3.333
-ocADGlyaHc_output_09_6.mp4,2.667
-ocADGlyaHc_output_09_7.mp4,3.667
-ocADGlyaHc_output_09_8.mp4,3.833
-ocADGlyaHc_output_09_9.mp4,4.0
00z0M1DJyAw_output_01_0.mp4,1.333
00z0M1DJyAw_output_01_2.mp4,3.833
00z0M1DJyAw_output_01_3.mp4,4.0
00z0M1DJyAw_output_01_4.mp4,4.0
00z0M1DJyAw_output_01_5.mp4,4.333
00z0M1DJyAw_output_01_6.mp4,4.0
00z0M1DJyAw_output_01_7.mp4,2.0
00z0M1DJyAw_output_01_8.mp4,2.0
00z0M1DJyAw_output_01_9.mp4,2.0
00z0M1DJyAw_output_02_0.mp4,4.333
00z0M1DJyAw_output_02_1.mp4,4.667
00z0M1DJyAw_output_02_2.mp4,3.667
00z0M1DJyAw_output_02_3.mp4,3.667
00z0M1DJyAw_output_02_4.mp4,4.0
00z0M1DJyAw_output_02_5.mp4,3.778
00z0M1DJyAw_output_02_6.mp4,3.0
00z0M1DJyAw_output_02_7.mp4,4.333
00z0M1DJyAw_output_02_8.mp4,3.0
00z0M1DJyAw_output_02_9.mp4,3.0
00z0M1DJyAw_output_03_0.mp4,5.0
00z0M1DJyAw_output_03_1.mp4,4.333
00z0M1DJyAw_output_03_2.mp4,4.111
00z0M1DJyAw_output_03_3.mp4,3.333
00z0M1DJyAw_output_03_4.mp4,3.778
00z0M1DJyAw_output_03_5.mp4,3.667
00z0M1DJyAw_output_03_6.mp4,4.667
00z0M1DJyAw_output_03_7.mp4,4.0
00z0M1DJyAw_output_03_9.mp4,1.0
00z0M1DJyAw_output_04_0.mp4,5.0
00z0M1DJyAw_output_04_1.mp4,4.333
00z0M1DJyAw_output_04_2.mp4,3.667
00z0M1DJyAw_output_04_5.mp4,4.444
00z0M1DJyAw_output_04_6.mp4,3.833
00z0M1DJyAw_output_04_7.mp4,3.333
00z0M1DJyAw_output_04_8.mp4,1.0
00z0M1DJyAw_output_04_9.mp4,1.0
00z0M1DJyAw_output_05_0.mp4,5.0
00z0M1DJyAw_output_05_1.mp4,4.667
00z0M1DJyAw_output_05_2.mp4,3.333
00z0M1DJyAw_output_05_3.mp4,4.0
00z0M1DJyAw_output_05_4.mp4,4.0
00z0M1DJyAw_output_05_5.mp4,3.667
00z0M1DJyAw_output_05_6.mp4,3.667
00z0M1DJyAw_output_05_7.mp4,3.5
00z0M1DJyAw_output_05_8.mp4,3.0
00z0M1DJyAw_output_05_9.mp4,1.0
00z0M1DJyAw_output_06_0.mp4,1.0
00z0M1DJyAw_output_06_1.mp4,1.0
00z0M1DJyAw_output_06_2.mp4,1.667
00z0M1DJyAw_output_06_3.mp4,1.889
00z0M1DJyAw_output_06_4.mp4,1.417
00z0M1DJyAw_output_06_5.mp4,4.0
00z0M1DJyAw_output_06_6.mp4,3.0
00z0M1DJyAw_output_06_7.mp4,3.667
00z0M1DJyAw_output_06_8.mp4,4.167
00z0M1DJyAw_output_06_9.mp4,4.333
00z0M1DJyAw_output_07_0.mp4,2.0
00z0M1DJyAw_output_07_1.mp4,2.0
00z0M1DJyAw_output_07_2.mp4,3.222
00z0M1DJyAw_output_07_3.mp4,3.5
00z0M1DJyAw_output_07_4.mp4,3.167
00z0M1DJyAw_output_07_6.mp4,2.833
00z0M1DJyAw_output_07_7.mp4,3.467
00z0M1DJyAw_output_07_8.mp4,3.444
00z0M1DJyAw_output_07_9.mp4,4.333
00z0M1DJyAw_output_08_0.mp4,3.0
00z0M1DJyAw_output_08_1.mp4,2.0
00z0M1DJyAw_output_08_3.mp4,3.833
00z0M1DJyAw_output_08_4.mp4,4.167
00z0M1DJyAw_output_08_5.mp4,3.778
00z0M1DJyAw_output_08_6.mp4,4.0
00z0M1DJyAw_output_08_7.mp4,4.0
00z0M1DJyAw_output_08_8.mp4,3.333
00z0M1DJyAw_output_08_9.mp4,4.667
00z0M1DJyAw_output_09_0.mp4,1.0
00z0M1DJyAw_output_09_1.mp4,2.0
00z0M1DJyAw_output_09_2.mp4,4.222
00z0M1DJyAw_output_09_3.mp4,3.4
00z0M1DJyAw_output_09_5.mp4,2.0
00z0M1DJyAw_output_09_6.mp4,2.667
00z0M1DJyAw_output_09_7.mp4,4.0
00z0M1DJyAw_output_09_8.mp4,4.333
00z0M1DJyAw_output_09_9.mp4,5.0
07AQUF6A_mg_output_01_0.mp4,2.333
07AQUF6A_mg_output_01_1.mp4,2.0
07AQUF6A_mg_output_01_2.mp4,4.5
07AQUF6A_mg_output_01_3.mp4,4.667
07AQUF6A_mg_output_01_4.mp4,5.0
07AQUF6A_mg_output_01_5.mp4,4.0
07AQUF6A_mg_output_01_6.mp4,4.0
07AQUF6A_mg_output_01_7.mp4,1.667
07AQUF6A_mg_output_01_9.mp4,1.333
07AQUF6A_mg_output_02_0.mp4,5.0
07AQUF6A_mg_output_02_1.mp4,4.333
07AQUF6A_mg_output_02_2.mp4,3.0
07AQUF6A_mg_output_02_3.mp4,2.833
07AQUF6A_mg_output_02_4.mp4,3.167
07AQUF6A_mg_output_02_5.mp4,2.0
07AQUF6A_mg_output_02_7.mp4,2.333
07AQUF6A_mg_output_02_8.mp4,1.333
07AQUF6A_mg_output_02_9.mp4,1.0
07AQUF6A_mg_output_03_0.mp4,5.0
07AQUF6A_mg_output_03_1.mp4,4.333
07AQUF6A_mg_output_03_2.mp4,3.667
07AQUF6A_mg_output_03_3.mp4,3.0
07AQUF6A_mg_output_03_6.mp4,1.667
07AQUF6A_mg_output_03_7.mp4,1.667
07AQUF6A_mg_output_03_8.mp4,1.333
07AQUF6A_mg_output_03_9.mp4,1.0
07AQUF6A_mg_output_04_0.mp4,5.0
07AQUF6A_mg_output_04_1.mp4,4.333
07AQUF6A_mg_output_04_2.mp4,4.0
07AQUF6A_mg_output_04_3.mp4,2.583
07AQUF6A_mg_output_04_5.mp4,1.833
07AQUF6A_mg_output_04_6.mp4,3.0
07AQUF6A_mg_output_04_7.mp4,2.0
07AQUF6A_mg_output_04_8.mp4,1.333
07AQUF6A_mg_output_04_9.mp4,1.0
07AQUF6A_mg_output_05_1.mp4,4.667
07AQUF6A_mg_output_05_3.mp4,2.167
07AQUF6A_mg_output_05_4.mp4,1.333
07AQUF6A_mg_output_05_5.mp4,2.333
07AQUF6A_mg_output_05_6.mp4,1.0
07AQUF6A_mg_output_05_7.mp4,1.333
07AQUF6A_mg_output_05_8.mp4,1.0
07AQUF6A_mg_output_05_9.mp4,1.0
07AQUF6A_mg_output_06_0.mp4,1.0
07AQUF6A_mg_output_06_1.mp4,1.0
07AQUF6A_mg_output_06_2.mp4,1.0
07AQUF6A_mg_output_06_4.mp4,3.667
07AQUF6A_mg_output_06_5.mp4,2.5
07AQUF6A_mg_output_06_6.mp4,3.333
07AQUF6A_mg_output_06_7.mp4,2.333
07AQUF6A_mg_output_06_8.mp4,4.333
07AQUF6A_mg_output_06_9.mp4,4.0
07AQUF6A_mg_output_07_0.mp4,1.333
07AQUF6A_mg_output_07_1.mp4,1.0
07AQUF6A_mg_output_07_2.mp4,1.167
07AQUF6A_mg_output_07_3.mp4,1.333
07AQUF6A_mg_output_07_4.mp4,1.667
07AQUF6A_mg_output_07_5.mp4,1.889
07AQUF6A_mg_output_07_7.mp4,3.0
07AQUF6A_mg_output_07_8.mp4,3.5
07AQUF6A_mg_output_07_9.mp4,4.0
07AQUF6A_mg_output_08_0.mp4,1.0
07AQUF6A_mg_output_08_1.mp4,2.0
07AQUF6A_mg_output_08_2.mp4,3.111
07AQUF6A_mg_output_08_3.mp4,4.0
07AQUF6A_mg_output_08_4.mp4,4.0
07AQUF6A_mg_output_08_5.mp4,5.0
07AQUF6A_mg_output_08_6.mp4,3.917
07AQUF6A_mg_output_08_7.mp4,4.333
07AQUF6A_mg_output_08_8.mp4,4.833
07AQUF6A_mg_output_08_9.mp4,4.667
07AQUF6A_mg_output_09_0.mp4,3.0
07AQUF6A_mg_output_09_2.mp4,4.111
07AQUF6A_mg_output_09_3.mp4,3.333
07AQUF6A_mg_output_09_4.mp4,3.333
07AQUF6A_mg_output_09_5.mp4,3.333
07AQUF6A_mg_output_09_7.mp4,3.889
07AQUF6A_mg_output_09_8.mp4,3.889
07AQUF6A_mg_output_09_9.mp4,4.667
0bO6DhC2tlU_output_01_2.mp4,4.0
0bO6DhC2tlU_output_01_3.mp4,5.0
0bO6DhC2tlU_output_01_4.mp4,5.0
0bO6DhC2tlU_output_01_5.mp4,5.0
0bO6DhC2tlU_output_01_6.mp4,4.0
0bO6DhC2tlU_output_01_9.mp4,2.0
0bO6DhC2tlU_output_02_1.mp4,5.0
0bO6DhC2tlU_output_02_2.mp4,4.167
0bO6DhC2tlU_output_02_3.mp4,2.833
0bO6DhC2tlU_output_02_4.mp4,3.833
0bO6DhC2tlU_output_02_5.mp4,3.444
0bO6DhC2tlU_output_02_6.mp4,3.333
0bO6DhC2tlU_output_02_7.mp4,4.0
0bO6DhC2tlU_output_02_8.mp4,3.0
0bO6DhC2tlU_output_02_9.mp4,1.0
0bO6DhC2tlU_output_03_0.mp4,5.0
0bO6DhC2tlU_output_03_1.mp4,4.667
0bO6DhC2tlU_output_03_2.mp4,3.222
0bO6DhC2tlU_output_03_3.mp4,3.5
0bO6DhC2tlU_output_03_4.mp4,2.8
0bO6DhC2tlU_output_03_6.mp4,2.556
0bO6DhC2tlU_output_03_7.mp4,2.0
0bO6DhC2tlU_output_03_9.mp4,1.0
0bO6DhC2tlU_output_04_0.mp4,5.0
0bO6DhC2tlU_output_04_1.mp4,2.0
0bO6DhC2tlU_output_04_2.mp4,2.0
0bO6DhC2tlU_output_04_3.mp4,3.0
0bO6DhC2tlU_output_04_4.mp4,1.0
0bO6DhC2tlU_output_04_7.mp4,4.333
0bO6DhC2tlU_output_04_8.mp4,1.0
0bO6DhC2tlU_output_04_9.mp4,1.0
0bO6DhC2tlU_output_05_0.mp4,4.667
0bO6DhC2tlU_output_05_1.mp4,4.0
0bO6DhC2tlU_output_05_2.mp4,4.333
0bO6DhC2tlU_output_05_4.mp4,2.5
0bO6DhC2tlU_output_05_6.mp4,3.167
0bO6DhC2tlU_output_05_7.mp4,4.0
0bO6DhC2tlU_output_05_9.mp4,1.333
0bO6DhC2tlU_output_06_0.mp4,1.0
0bO6DhC2tlU_output_06_2.mp4,1.0
0bO6DhC2tlU_output_06_3.mp4,1.0
0bO6DhC2tlU_output_06_5.mp4,2.667
0bO6DhC2tlU_output_06_6.mp4,3.167
0bO6DhC2tlU_output_06_7.mp4,3.778
0bO6DhC2tlU_output_06_8.mp4,3.333
0bO6DhC2tlU_output_06_9.mp4,4.667
0bO6DhC2tlU_output_07_0.mp4,1.0
0bO6DhC2tlU_output_07_1.mp4,1.333
0bO6DhC2tlU_output_07_2.mp4,2.083
0bO6DhC2tlU_output_07_3.mp4,3.333
0bO6DhC2tlU_output_07_4.mp4,4.0
0bO6DhC2tlU_output_07_5.mp4,3.0
0bO6DhC2tlU_output_07_6.mp4,1.333
0bO6DhC2tlU_output_07_7.mp4,3.833
0bO6DhC2tlU_output_07_8.mp4,1.833
0bO6DhC2tlU_output_07_9.mp4,4.333
0bO6DhC2tlU_output_08_0.mp4,2.0
0bO6DhC2tlU_output_08_1.mp4,4.0
0bO6DhC2tlU_output_08_2.mp4,4.111
0bO6DhC2tlU_output_08_3.mp4,4.444
0bO6DhC2tlU_output_08_4.mp4,4.667
0bO6DhC2tlU_output_08_5.mp4,3.833
0bO6DhC2tlU_output_08_6.mp4,4.167
0bO6DhC2tlU_output_08_7.mp4,4.833
0bO6DhC2tlU_output_08_8.mp4,4.0
0bO6DhC2tlU_output_08_9.mp4,5.0
0bO6DhC2tlU_output_09_0.mp4,2.0
0bO6DhC2tlU_output_09_1.mp4,2.0
0bO6DhC2tlU_output_09_2.mp4,3.667
0bO6DhC2tlU_output_09_4.mp4,3.667
0bO6DhC2tlU_output_09_5.mp4,3.778
0bO6DhC2tlU_output_09_6.mp4,3.833
0bO6DhC2tlU_output_09_7.mp4,4.333
0bO6DhC2tlU_output_09_8.mp4,3.167
0bO6DhC2tlU_output_09_9.mp4,5.0
11ruZHgyTKM_original.mp4,4.0
11ruZHgyTKM_output_01_1.mp4,2.0
11ruZHgyTKM_output_01_2.mp4,3.333
11ruZHgyTKM_output_01_3.mp4,4.333
11ruZHgyTKM_output_01_4.mp4,4.333
11ruZHgyTKM_output_01_5.mp4,4.333
11ruZHgyTKM_output_01_6.mp4,4.333
11ruZHgyTKM_output_02_0.mp4,4.0
11ruZHgyTKM_output_02_1.mp4,4.667
11ruZHgyTKM_output_02_2.mp4,3.167
11ruZHgyTKM_output_02_3.mp4,4.0
11ruZHgyTKM_output_02_5.mp4,2.75
11ruZHgyTKM_output_02_6.mp4,2.5
11ruZHgyTKM_output_02_7.mp4,2.667
11ruZHgyTKM_output_02_8.mp4,1.0
11ruZHgyTKM_output_02_9.mp4,1.333
11ruZHgyTKM_output_03_0.mp4,4.667
11ruZHgyTKM_output_03_1.mp4,4.333
11ruZHgyTKM_output_03_2.mp4,4.333
11ruZHgyTKM_output_03_4.mp4,2.333
11ruZHgyTKM_output_03_5.mp4,4.167
11ruZHgyTKM_output_03_6.mp4,3.133
11ruZHgyTKM_output_03_7.mp4,3.0
11ruZHgyTKM_output_03_8.mp4,1.0
11ruZHgyTKM_output_03_9.mp4,3.0
11ruZHgyTKM_output_04_0.mp4,3.0
11ruZHgyTKM_output_04_1.mp4,4.0
11ruZHgyTKM_output_04_2.mp4,3.639
11ruZHgyTKM_output_04_3.mp4,2.333
11ruZHgyTKM_output_04_4.mp4,2.0
11ruZHgyTKM_output_04_7.mp4,1.0
11ruZHgyTKM_output_04_8.mp4,1.0
11ruZHgyTKM_output_04_9.mp4,1.0
11ruZHgyTKM_output_05_0.mp4,4.667
11ruZHgyTKM_output_05_1.mp4,4.0
11ruZHgyTKM_output_05_2.mp4,1.667
11ruZHgyTKM_output_05_3.mp4,3.667
11ruZHgyTKM_output_05_5.mp4,3.667
11ruZHgyTKM_output_05_6.mp4,2.333
11ruZHgyTKM_output_05_7.mp4,2.333
11ruZHgyTKM_output_05_8.mp4,1.0
11ruZHgyTKM_output_05_9.mp4,1.333
11ruZHgyTKM_output_06_0.mp4,1.0
11ruZHgyTKM_output_06_1.mp4,1.0
11ruZHgyTKM_output_06_2.mp4,1.267
11ruZHgyTKM_output_06_3.mp4,1.889
11ruZHgyTKM_output_06_4.mp4,2.667
11ruZHgyTKM_output_06_5.mp4,2.333
11ruZHgyTKM_output_06_6.mp4,4.0
11ruZHgyTKM_output_06_7.mp4,3.667
11ruZHgyTKM_output_06_8.mp4,3.533
11ruZHgyTKM_output_06_9.mp4,4.667
11ruZHgyTKM_output_07_0.mp4,1.0
11ruZHgyTKM_output_07_1.mp4,1.0
11ruZHgyTKM_output_07_2.mp4,2.0
11ruZHgyTKM_output_07_3.mp4,3.0
11ruZHgyTKM_output_07_4.mp4,1.667
11ruZHgyTKM_output_07_5.mp4,2.0
11ruZHgyTKM_output_07_6.mp4,1.667
11ruZHgyTKM_output_07_7.mp4,2.333
11ruZHgyTKM_output_07_8.mp4,2.0
11ruZHgyTKM_output_07_9.mp4,4.333
11ruZHgyTKM_output_08_0.mp4,1.0
11ruZHgyTKM_output_08_1.mp4,1.0
11ruZHgyTKM_output_08_4.mp4,2.667
11ruZHgyTKM_output_08_5.mp4,3.222
11ruZHgyTKM_output_08_8.mp4,3.667
11ruZHgyTKM_output_08_9.mp4,4.667
11ruZHgyTKM_output_09_0.mp4,2.0
11ruZHgyTKM_output_09_2.mp4,1.667
11ruZHgyTKM_output_09_4.mp4,3.167
11ruZHgyTKM_output_09_5.mp4,3.0
11ruZHgyTKM_output_09_6.mp4,2.5
11ruZHgyTKM_output_09_9.mp4,4.667
1g7sOtOiSRo_output_01_0.mp4,2.0
1g7sOtOiSRo_output_01_1.mp4,2.0
1g7sOtOiSRo_output_01_2.mp4,4.167
1g7sOtOiSRo_output_01_3.mp4,4.667
1g7sOtOiSRo_output_01_5.mp4,4.667
1g7sOtOiSRo_output_01_6.mp4,3.0
1g7sOtOiSRo_output_01_8.mp4,2.0
1g7sOtOiSRo_output_01_9.mp4,2.333
1g7sOtOiSRo_output_02_0.mp4,4.0
1g7sOtOiSRo_output_02_1.mp4,4.667
1g7sOtOiSRo_output_02_2.mp4,3.0
1g7sOtOiSRo_output_02_3.mp4,4.222
1g7sOtOiSRo_output_02_5.mp4,2.667
1g7sOtOiSRo_output_02_9.mp4,1.0
1g7sOtOiSRo_output_03_0.mp4,4.0
1g7sOtOiSRo_output_03_1.mp4,4.333
1g7sOtOiSRo_output_03_2.mp4,4.0
1g7sOtOiSRo_output_03_3.mp4,4.333
1g7sOtOiSRo_output_03_4.mp4,3.333
1g7sOtOiSRo_output_03_5.mp4,3.0
1g7sOtOiSRo_output_03_6.mp4,3.0
1g7sOtOiSRo_output_03_7.mp4,3.0
1g7sOtOiSRo_output_03_8.mp4,2.0
1g7sOtOiSRo_output_03_9.mp4,1.0
1g7sOtOiSRo_output_04_0.mp4,5.0
1g7sOtOiSRo_output_04_1.mp4,4.0
1g7sOtOiSRo_output_04_2.mp4,3.667
1g7sOtOiSRo_output_04_3.mp4,4.0
1g7sOtOiSRo_output_04_4.mp4,3.0
1g7sOtOiSRo_output_04_5.mp4,3.917
1g7sOtOiSRo_output_04_6.mp4,3.5
1g7sOtOiSRo_output_04_7.mp4,3.444
1g7sOtOiSRo_output_05_0.mp4,4.0
1g7sOtOiSRo_output_05_2.mp4,4.0
1g7sOtOiSRo_output_05_3.mp4,4.333
1g7sOtOiSRo_output_05_4.mp4,4.0
1g7sOtOiSRo_output_05_5.mp4,4.0
1g7sOtOiSRo_output_05_6.mp4,4.5
1g7sOtOiSRo_output_05_7.mp4,2.333
1g7sOtOiSRo_output_05_8.mp4,2.0
1g7sOtOiSRo_output_05_9.mp4,1.0
1g7sOtOiSRo_output_06_0.mp4,1.0
1g7sOtOiSRo_output_06_1.mp4,1.0
1g7sOtOiSRo_output_06_2.mp4,1.0
1g7sOtOiSRo_output_06_3.mp4,1.0
1g7sOtOiSRo_output_06_5.mp4,1.667
1g7sOtOiSRo_output_06_6.mp4,2.0
1g7sOtOiSRo_output_06_7.mp4,3.0
1g7sOtOiSRo_output_06_8.mp4,4.0
1g7sOtOiSRo_output_06_9.mp4,4.667
1g7sOtOiSRo_output_07_0.mp4,2.0
1g7sOtOiSRo_output_07_1.mp4,1.0
1g7sOtOiSRo_output_07_2.mp4,2.0
1g7sOtOiSRo_output_07_3.mp4,2.833
1g7sOtOiSRo_output_07_4.mp4,3.444
1g7sOtOiSRo_output_07_5.mp4,3.167
1g7sOtOiSRo_output_07_6.mp4,4.0
1g7sOtOiSRo_output_07_7.mp4,1.0
1g7sOtOiSRo_output_07_8.mp4,3.667
1g7sOtOiSRo_output_08_0.mp4,1.0
1g7sOtOiSRo_output_08_1.mp4,3.0
1g7sOtOiSRo_output_08_2.mp4,3.167
1g7sOtOiSRo_output_08_4.mp4,5.0
1g7sOtOiSRo_output_08_6.mp4,4.333
1g7sOtOiSRo_output_08_7.mp4,4.167
1g7sOtOiSRo_output_08_9.mp4,5.0
1g7sOtOiSRo_output_09_0.mp4,1.333
1g7sOtOiSRo_output_09_1.mp4,1.0
1g7sOtOiSRo_output_09_2.mp4,3.0
1g7sOtOiSRo_output_09_3.mp4,2.0
1g7sOtOiSRo_output_09_4.mp4,2.333
1g7sOtOiSRo_output_09_5.mp4,2.833
1g7sOtOiSRo_output_09_6.mp4,3.333
1g7sOtOiSRo_output_09_7.mp4,1.667
1g7sOtOiSRo_output_09_8.mp4,3.5
1g7sOtOiSRo_output_09_9.mp4,5.0
1g9FuuIIs84_original.mp4,4.0
1g9FuuIIs84_output_01_0.mp4,2.0
1g9FuuIIs84_output_01_1.mp4,1.0
1g9FuuIIs84_output_01_2.mp4,3.333
1g9FuuIIs84_output_01_3.mp4,5.0
1g9FuuIIs84_output_01_4.mp4,5.0
1g9FuuIIs84_output_01_5.mp4,4.333
1g9FuuIIs84_output_01_6.mp4,4.111
1g9FuuIIs84_output_01_8.mp4,2.0
1g9FuuIIs84_output_01_9.mp4,1.0
1g9FuuIIs84_output_02_0.mp4,4.0
1g9FuuIIs84_output_02_1.mp4,5.0
1g9FuuIIs84_output_02_2.mp4,2.833
1g9FuuIIs84_output_02_3.mp4,3.333
1g9FuuIIs84_output_02_4.mp4,2.444
1g9FuuIIs84_output_02_5.mp4,1.333
1g9FuuIIs84_output_02_6.mp4,3.0
1g9FuuIIs84_output_02_7.mp4,2.333
1g9FuuIIs84_output_02_8.mp4,1.333
1g9FuuIIs84_output_02_9.mp4,1.0
1g9FuuIIs84_output_03_0.mp4,4.667
1g9FuuIIs84_output_03_1.mp4,5.0
1g9FuuIIs84_output_03_2.mp4,3.667
1g9FuuIIs84_output_03_3.mp4,2.0
1g9FuuIIs84_output_03_4.mp4,2.583
1g9FuuIIs84_output_03_5.mp4,2.833
1g9FuuIIs84_output_03_6.mp4,2.667
1g9FuuIIs84_output_03_7.mp4,4.0
1g9FuuIIs84_output_03_9.mp4,1.333
1g9FuuIIs84_output_04_0.mp4,4.0
1g9FuuIIs84_output_04_2.mp4,3.5
1g9FuuIIs84_output_04_3.mp4,4.667
1g9FuuIIs84_output_04_4.mp4,2.5
1g9FuuIIs84_output_04_5.mp4,4.0
1g9FuuIIs84_output_04_6.mp4,1.667
1g9FuuIIs84_output_04_7.mp4,4.0
1g9FuuIIs84_output_04_8.mp4,2.0
1g9FuuIIs84_output_04_9.mp4,1.0
1g9FuuIIs84_output_05_0.mp4,5.0
1g9FuuIIs84_output_05_1.mp4,4.333
1g9FuuIIs84_output_05_2.mp4,4.5
1g9FuuIIs84_output_05_4.mp4,1.667
1g9FuuIIs84_output_05_5.mp4,4.0
1g9FuuIIs84_output_05_6.mp4,1.333
1g9FuuIIs84_output_05_7.mp4,2.333
1g9FuuIIs84_output_05_9.mp4,1.0
1g9FuuIIs84_output_06_0.mp4,1.0
1g9FuuIIs84_output_06_2.mp4,3.0
1g9FuuIIs84_output_06_4.mp4,2.167
1g9FuuIIs84_output_06_6.mp4,4.0
1g9FuuIIs84_output_06_7.mp4,3.0
1g9FuuIIs84_output_06_9.mp4,4.667
1g9FuuIIs84_output_07_0.mp4,1.333
1g9FuuIIs84_output_07_1.mp4,1.0
1g9FuuIIs84_output_07_2.mp4,2.778
1g9FuuIIs84_output_07_3.mp4,1.667
1g9FuuIIs84_output_07_4.mp4,1.833
1g9FuuIIs84_output_07_5.mp4,2.0
1g9FuuIIs84_output_07_8.mp4,1.583
1g9FuuIIs84_output_07_9.mp4,4.0
1g9FuuIIs84_output_08_1.mp4,1.0
1g9FuuIIs84_output_08_2.mp4,2.556
1g9FuuIIs84_output_08_4.mp4,1.333
1g9FuuIIs84_output_08_5.mp4,2.667
1g9FuuIIs84_output_08_6.mp4,3.833
1g9FuuIIs84_output_08_7.mp4,3.778
1g9FuuIIs84_output_08_8.mp4,4.5
1g9FuuIIs84_output_08_9.mp4,4.333
1g9FuuIIs84_output_09_0.mp4,1.0
1g9FuuIIs84_output_09_2.mp4,3.333
1g9FuuIIs84_output_09_3.mp4,2.667
1g9FuuIIs84_output_09_4.mp4,2.333
1g9FuuIIs84_output_09_5.mp4,3.167
1g9FuuIIs84_output_09_6.mp4,3.167
1g9FuuIIs84_output_09_7.mp4,2.667
1g9FuuIIs84_output_09_8.mp4,2.167
1g9FuuIIs84_output_09_9.mp4,4.0
24tWz7gmngI_output_01_0.mp4,2.0
24tWz7gmngI_output_01_1.mp4,2.0
24tWz7gmngI_output_01_2.mp4,3.0
24tWz7gmngI_output_01_3.mp4,4.333
24tWz7gmngI_output_01_4.mp4,4.667
24tWz7gmngI_output_01_5.mp4,5.0
24tWz7gmngI_output_01_6.mp4,3.833
24tWz7gmngI_output_01_7.mp4,2.0
24tWz7gmngI_output_01_8.mp4,1.667
24tWz7gmngI_output_01_9.mp4,1.333
24tWz7gmngI_output_02_0.mp4,5.0
24tWz7gmngI_output_02_1.mp4,5.0
24tWz7gmngI_output_02_2.mp4,4.0
24tWz7gmngI_output_02_3.mp4,3.333
24tWz7gmngI_output_02_4.mp4,3.667
24tWz7gmngI_output_02_6.mp4,3.667
24tWz7gmngI_output_02_9.mp4,1.0
24tWz7gmngI_output_03_0.mp4,4.667
24tWz7gmngI_output_03_1.mp4,4.333
24tWz7gmngI_output_03_3.mp4,3.333
24tWz7gmngI_output_03_5.mp4,2.667
24tWz7gmngI_output_03_6.mp4,2.667
24tWz7gmngI_output_03_7.mp4,2.833
24tWz7gmngI_output_03_8.mp4,2.0
24tWz7gmngI_output_03_9.mp4,2.0
24tWz7gmngI_output_04_0.mp4,4.667
24tWz7gmngI_output_04_1.mp4,4.667
24tWz7gmngI_output_04_2.mp4,4.083
24tWz7gmngI_output_04_3.mp4,4.0
24tWz7gmngI_output_04_4.mp4,3.667
24tWz7gmngI_output_04_6.mp4,4.333
24tWz7gmngI_output_04_7.mp4,3.556
24tWz7gmngI_output_04_8.mp4,2.0
24tWz7gmngI_output_04_9.mp4,1.333
24tWz7gmngI_output_05_0.mp4,4.667
24tWz7gmngI_output_05_1.mp4,5.0
24tWz7gmngI_output_05_2.mp4,2.333
24tWz7gmngI_output_05_3.mp4,2.917
24tWz7gmngI_output_05_5.mp4,3.222
24tWz7gmngI_output_05_6.mp4,1.667
24tWz7gmngI_output_05_7.mp4,2.0
24tWz7gmngI_output_05_8.mp4,1.0
24tWz7gmngI_output_05_9.mp4,1.333
24tWz7gmngI_output_06_0.mp4,1.0
24tWz7gmngI_output_06_2.mp4,1.111
24tWz7gmngI_output_06_3.mp4,1.167
24tWz7gmngI_output_06_4.mp4,2.5
24tWz7gmngI_output_06_5.mp4,2.5
24tWz7gmngI_output_06_6.mp4,2.667
24tWz7gmngI_output_06_7.mp4,4.333
24tWz7gmngI_output_06_8.mp4,3.444
24tWz7gmngI_output_06_9.mp4,4.333
24tWz7gmngI_output_07_0.mp4,1.0
24tWz7gmngI_output_07_1.mp4,2.0
24tWz7gmngI_output_07_2.mp4,2.833
24tWz7gmngI_output_07_3.mp4,2.889
24tWz7gmngI_output_07_4.mp4,2.778
24tWz7gmngI_output_07_6.mp4,2.0
24tWz7gmngI_output_07_8.mp4,2.0
24tWz7gmngI_output_07_9.mp4,4.0
24tWz7gmngI_output_08_0.mp4,3.0
24tWz7gmngI_output_08_1.mp4,2.0
24tWz7gmngI_output_08_2.mp4,4.333
24tWz7gmngI_output_08_3.mp4,3.833
24tWz7gmngI_output_08_4.mp4,4.333
24tWz7gmngI_output_08_5.mp4,4.667
24tWz7gmngI_output_08_7.mp4,4.25
24tWz7gmngI_output_08_9.mp4,5.0
24tWz7gmngI_output_09_1.mp4,2.0
24tWz7gmngI_output_09_2.mp4,4.333
24tWz7gmngI_output_09_3.mp4,2.778
24tWz7gmngI_output_09_8.mp4,3.167
24tWz7gmngI_output_09_9.mp4,4.333
29-HUCz-Uek_output_01_0.mp4,1.0
29-HUCz-Uek_output_01_2.mp4,4.417
29-HUCz-Uek_output_01_4.mp4,5.0
29-HUCz-Uek_output_01_5.mp4,5.0
29-HUCz-Uek_output_01_6.mp4,4.667
29-HUCz-Uek_output_01_7.mp4,2.0
29-HUCz-Uek_output_01_8.mp4,1.667
29-HUCz-Uek_output_01_9.mp4,1.0
29-HUCz-Uek_output_02_0.mp4,5.0
29-HUCz-Uek_output_02_1.mp4,4.667
29-HUCz-Uek_output_02_2.mp4,4.667
29-HUCz-Uek_output_02_5.mp4,2.333
29-HUCz-Uek_output_02_8.mp4,1.0
29-HUCz-Uek_output_02_9.mp4,1.0
29-HUCz-Uek_output_03_0.mp4,4.667
29-HUCz-Uek_output_03_1.mp4,4.667
29-HUCz-Uek_output_03_2.mp4,3.0
29-HUCz-Uek_output_03_3.mp4,3.0
29-HUCz-Uek_output_03_4.mp4,2.333
29-HUCz-Uek_output_03_5.mp4,2.667
29-HUCz-Uek_output_03_7.mp4,1.667
29-HUCz-Uek_output_03_9.mp4,1.0
29-HUCz-Uek_output_04_0.mp4,4.667
29-HUCz-Uek_output_04_1.mp4,4.333
29-HUCz-Uek_output_04_2.mp4,2.667
29-HUCz-Uek_output_04_4.mp4,1.833
29-HUCz-Uek_output_04_5.mp4,1.333
29-HUCz-Uek_output_04_7.mp4,1.333
29-HUCz-Uek_output_04_8.mp4,1.0
29-HUCz-Uek_output_04_9.mp4,1.0
29-HUCz-Uek_output_05_0.mp4,5.0
29-HUCz-Uek_output_05_1.mp4,4.333
29-HUCz-Uek_output_05_2.mp4,2.667
29-HUCz-Uek_output_05_3.mp4,2.25
29-HUCz-Uek_output_05_4.mp4,3.333
29-HUCz-Uek_output_05_5.mp4,1.667
29-HUCz-Uek_output_05_6.mp4,1.333
29-HUCz-Uek_output_05_7.mp4,1.333
29-HUCz-Uek_output_05_9.mp4,1.0
29-HUCz-Uek_output_06_1.mp4,1.0
29-HUCz-Uek_output_06_2.mp4,1.0
29-HUCz-Uek_output_06_3.mp4,1.0
29-HUCz-Uek_output_06_4.mp4,1.5
29-HUCz-Uek_output_06_5.mp4,1.917
29-HUCz-Uek_output_06_6.mp4,1.833
29-HUCz-Uek_output_06_7.mp4,2.833
29-HUCz-Uek_output_06_8.mp4,3.667
29-HUCz-Uek_output_06_9.mp4,4.333
29-HUCz-Uek_output_07_0.mp4,1.333
29-HUCz-Uek_output_07_1.mp4,1.333
29-HUCz-Uek_output_07_3.mp4,1.111
29-HUCz-Uek_output_07_4.mp4,1.417
29-HUCz-Uek_output_07_5.mp4,1.0
29-HUCz-Uek_output_07_6.mp4,2.556
29-HUCz-Uek_output_07_7.mp4,1.0
29-HUCz-Uek_output_07_8.mp4,2.444
29-HUCz-Uek_output_07_9.mp4,4.0
29-HUCz-Uek_output_08_0.mp4,2.0
29-HUCz-Uek_output_08_1.mp4,4.0
29-HUCz-Uek_output_08_2.mp4,2.889
29-HUCz-Uek_output_08_5.mp4,3.667
29-HUCz-Uek_output_08_6.mp4,3.778
29-HUCz-Uek_output_08_7.mp4,4.444
29-HUCz-Uek_output_08_8.mp4,4.167
29-HUCz-Uek_output_08_9.mp4,5.0
29-HUCz-Uek_output_09_0.mp4,2.0
29-HUCz-Uek_output_09_1.mp4,1.333
29-HUCz-Uek_output_09_2.mp4,3.333
29-HUCz-Uek_output_09_3.mp4,3.0
29-HUCz-Uek_output_09_4.mp4,3.5
29-HUCz-Uek_output_09_5.mp4,3.333
29-HUCz-Uek_output_09_6.mp4,3.333
29-HUCz-Uek_output_09_7.mp4,4.167
29-HUCz-Uek_output_09_8.mp4,4.0
29-HUCz-Uek_output_09_9.mp4,4.0
2__RQYoZrjI_output_01_0.mp4,2.0
2__RQYoZrjI_output_01_1.mp4,2.0
2__RQYoZrjI_output_01_2.mp4,3.0
2__RQYoZrjI_output_01_4.mp4,5.0
2__RQYoZrjI_output_01_5.mp4,4.333
2__RQYoZrjI_output_01_6.mp4,3.111
2__RQYoZrjI_output_02_0.mp4,4.0
2__RQYoZrjI_output_02_1.mp4,4.667
2__RQYoZrjI_output_02_2.mp4,3.444
2__RQYoZrjI_output_02_3.mp4,3.5
2__RQYoZrjI_output_02_5.mp4,3.333
2__RQYoZrjI_output_02_6.mp4,3.667
2__RQYoZrjI_output_02_7.mp4,1.667
2__RQYoZrjI_output_02_8.mp4,1.0
2__RQYoZrjI_output_02_9.mp4,1.333
2__RQYoZrjI_output_03_0.mp4,4.0
2__RQYoZrjI_output_03_1.mp4,4.667
2__RQYoZrjI_output_03_2.mp4,3.0
2__RQYoZrjI_output_03_4.mp4,4.333
2__RQYoZrjI_output_03_5.mp4,4.0
2__RQYoZrjI_output_03_6.mp4,4.222
2__RQYoZrjI_output_03_7.mp4,4.333
2__RQYoZrjI_output_03_8.mp4,2.0
2__RQYoZrjI_output_03_9.mp4,3.0
2__RQYoZrjI_output_04_0.mp4,4.333
2__RQYoZrjI_output_04_1.mp4,4.667
2__RQYoZrjI_output_04_2.mp4,4.0
2__RQYoZrjI_output_04_3.mp4,4.333
2__RQYoZrjI_output_04_4.mp4,4.0
2__RQYoZrjI_output_04_5.mp4,4.333
2__RQYoZrjI_output_04_6.mp4,4.333
2__RQYoZrjI_output_04_7.mp4,4.333
2__RQYoZrjI_output_04_8.mp4,1.0
2__RQYoZrjI_output_04_9.mp4,1.333
2__RQYoZrjI_output_05_0.mp4,5.0
2__RQYoZrjI_output_05_1.mp4,4.0
2__RQYoZrjI_output_05_2.mp4,5.0
2__RQYoZrjI_output_05_5.mp4,3.0
2__RQYoZrjI_output_05_6.mp4,2.333
2__RQYoZrjI_output_05_8.mp4,1.0
2__RQYoZrjI_output_05_9.mp4,1.0
2__RQYoZrjI_output_06_0.mp4,1.0
2__RQYoZrjI_output_06_1.mp4,1.0
2__RQYoZrjI_output_06_2.mp4,1.833
2__RQYoZrjI_output_06_3.mp4,1.0
2__RQYoZrjI_output_06_4.mp4,2.667
2__RQYoZrjI_output_06_5.mp4,1.222
2__RQYoZrjI_output_06_6.mp4,1.556
2__RQYoZrjI_output_06_7.mp4,2.667
2__RQYoZrjI_output_06_8.mp4,3.667
2__RQYoZrjI_output_07_0.mp4,1.0
2__RQYoZrjI_output_07_1.mp4,1.0
2__RQYoZrjI_output_07_2.mp4,4.0
2__RQYoZrjI_output_07_3.mp4,1.667
2__RQYoZrjI_output_07_4.mp4,2.333
2__RQYoZrjI_output_07_6.mp4,1.0
2__RQYoZrjI_output_07_7.mp4,1.167
2__RQYoZrjI_output_07_8.mp4,2.0
2__RQYoZrjI_output_07_9.mp4,4.667
2__RQYoZrjI_output_08_0.mp4,1.0
2__RQYoZrjI_output_08_1.mp4,3.0
2__RQYoZrjI_output_08_2.mp4,3.333
2__RQYoZrjI_output_08_3.mp4,3.167
2__RQYoZrjI_output_08_4.mp4,3.333
2__RQYoZrjI_output_08_5.mp4,3.667
2__RQYoZrjI_output_08_6.mp4,4.0
2__RQYoZrjI_output_08_7.mp4,3.833
2__RQYoZrjI_output_08_8.mp4,1.0
2__RQYoZrjI_output_08_9.mp4,4.0
2__RQYoZrjI_output_09_0.mp4,1.333
2__RQYoZrjI_output_09_1.mp4,2.0
2__RQYoZrjI_output_09_2.mp4,1.0
2__RQYoZrjI_output_09_3.mp4,2.833
2__RQYoZrjI_output_09_4.mp4,1.667
2__RQYoZrjI_output_09_6.mp4,2.0
2__RQYoZrjI_output_09_7.mp4,2.667
2__RQYoZrjI_output_09_8.mp4,4.111
2__RQYoZrjI_output_09_9.mp4,4.667
2es7oZzwLWM_original.mp4,4.0
2es7oZzwLWM_output_01_1.mp4,2.0
2es7oZzwLWM_output_01_2.mp4,3.167
2es7oZzwLWM_output_01_3.mp4,4.0
2es7oZzwLWM_output_01_4.mp4,4.667
2es7oZzwLWM_output_01_5.mp4,4.667
2es7oZzwLWM_output_01_8.mp4,2.333
2es7oZzwLWM_output_01_9.mp4,1.333
2es7oZzwLWM_output_02_0.mp4,5.0
2es7oZzwLWM_output_02_1.mp4,4.333
2es7oZzwLWM_output_02_2.mp4,4.667
2es7oZzwLWM_output_02_3.mp4,3.667
2es7oZzwLWM_output_02_6.mp4,2.667
2es7oZzwLWM_output_02_7.mp4,4.0
2es7oZzwLWM_output_02_8.mp4,1.0
2es7oZzwLWM_output_02_9.mp4,1.333
2es7oZzwLWM_output_03_0.mp4,4.0
2es7oZzwLWM_output_03_1.mp4,4.667
2es7oZzwLWM_output_03_2.mp4,4.333
2es7oZzwLWM_output_03_3.mp4,4.333
2es7oZzwLWM_output_03_4.mp4,4.0
2es7oZzwLWM_output_03_5.mp4,3.0
2es7oZzwLWM_output_03_6.mp4,3.889
2es7oZzwLWM_output_03_8.mp4,1.0
2es7oZzwLWM_output_03_9.mp4,1.333
2es7oZzwLWM_output_04_0.mp4,5.0
2es7oZzwLWM_output_04_1.mp4,4.333
2es7oZzwLWM_output_04_2.mp4,4.667
2es7oZzwLWM_output_04_3.mp4,3.917
2es7oZzwLWM_output_04_6.mp4,3.0
2es7oZzwLWM_output_04_8.mp4,1.0
2es7oZzwLWM_output_04_9.mp4,1.0
2es7oZzwLWM_output_05_0.mp4,4.333
2es7oZzwLWM_output_05_1.mp4,4.333
2es7oZzwLWM_output_05_2.mp4,4.0
2es7oZzwLWM_output_05_3.mp4,3.333
2es7oZzwLWM_output_05_4.mp4,4.333
2es7oZzwLWM_output_05_5.mp4,4.5
2es7oZzwLWM_output_05_6.mp4,4.333
2es7oZzwLWM_output_05_7.mp4,3.333
2es7oZzwLWM_output_05_8.mp4,1.0
2es7oZzwLWM_output_05_9.mp4,1.0
2es7oZzwLWM_output_06_0.mp4,1.0
2es7oZzwLWM_output_06_1.mp4,1.0
2es7oZzwLWM_output_06_2.mp4,1.0
2es7oZzwLWM_output_06_3.mp4,1.0
2es7oZzwLWM_output_06_4.mp4,1.667
2es7oZzwLWM_output_06_5.mp4,4.0
2es7oZzwLWM_output_06_6.mp4,2.0
2es7oZzwLWM_output_06_7.mp4,3.0
2es7oZzwLWM_output_06_8.mp4,3.917
2es7oZzwLWM_output_07_0.mp4,1.0
2es7oZzwLWM_output_07_1.mp4,2.0
2es7oZzwLWM_output_07_2.mp4,2.333
2es7oZzwLWM_output_07_3.mp4,3.833
2es7oZzwLWM_output_07_4.mp4,3.5
2es7oZzwLWM_output_07_5.mp4,3.444
2es7oZzwLWM_output_07_6.mp4,1.0
2es7oZzwLWM_output_07_8.mp4,3.444
2es7oZzwLWM_output_07_9.mp4,4.333
2es7oZzwLWM_output_08_2.mp4,4.0
2es7oZzwLWM_output_08_3.mp4,4.0
2es7oZzwLWM_output_08_5.mp4,4.0
2es7oZzwLWM_output_08_6.mp4,4.667
2es7oZzwLWM_output_08_7.mp4,4.333
2es7oZzwLWM_output_08_8.mp4,3.667
2es7oZzwLWM_output_08_9.mp4,4.667
2es7oZzwLWM_output_09_0.mp4,2.0
2es7oZzwLWM_output_09_1.mp4,1.333
2es7oZzwLWM_output_09_2.mp4,2.333
2es7oZzwLWM_output_09_3.mp4,3.778
2es7oZzwLWM_output_09_4.mp4,3.0
2es7oZzwLWM_output_09_5.mp4,4.167
2es7oZzwLWM_output_09_6.mp4,3.667
2es7oZzwLWM_output_09_7.mp4,4.333
2es7oZzwLWM_output_09_8.mp4,4.333
2es7oZzwLWM_output_09_9.mp4,4.0
2tBRn4xKmzM_output_01_2.mp4,5.0
2tBRn4xKmzM_output_01_3.mp4,5.0
2tBRn4xKmzM_output_01_5.mp4,4.333
2tBRn4xKmzM_output_01_8.mp4,1.333
2tBRn4xKmzM_output_01_9.mp4,1.0
2tBRn4xKmzM_output_02_0.mp4,4.333
2tBRn4xKmzM_output_02_1.mp4,5.0
2tBRn4xKmzM_output_02_3.mp4,5.0
2tBRn4xKmzM_output_02_4.mp4,4.0
2tBRn4xKmzM_output_02_7.mp4,4.167
2tBRn4xKmzM_output_02_8.mp4,1.0
2tBRn4xKmzM_output_02_9.mp4,1.0
2tBRn4xKmzM_output_03_0.mp4,5.0
2tBRn4xKmzM_output_03_1.mp4,5.0
2tBRn4xKmzM_output_03_2.mp4,4.048
2tBRn4xKmzM_output_03_3.mp4,3.0
2tBRn4xKmzM_output_03_5.mp4,3.167
2tBRn4xKmzM_output_03_6.mp4,3.333
2tBRn4xKmzM_output_03_7.mp4,4.167
2tBRn4xKmzM_output_03_8.mp4,2.0
2tBRn4xKmzM_output_03_9.mp4,1.333
2tBRn4xKmzM_output_04_0.mp4,4.667
2tBRn4xKmzM_output_04_1.mp4,5.0
2tBRn4xKmzM_output_04_2.mp4,4.333
2tBRn4xKmzM_output_04_4.mp4,3.5
2tBRn4xKmzM_output_04_5.mp4,4.0
2tBRn4xKmzM_output_04_6.mp4,2.667
2tBRn4xKmzM_output_04_8.mp4,1.333
2tBRn4xKmzM_output_04_9.mp4,1.0
2tBRn4xKmzM_output_05_0.mp4,4.667
2tBRn4xKmzM_output_05_2.mp4,3.889
2tBRn4xKmzM_output_05_3.mp4,3.667
2tBRn4xKmzM_output_05_5.mp4,3.833
2tBRn4xKmzM_output_05_6.mp4,3.667
2tBRn4xKmzM_output_05_7.mp4,4.333
2tBRn4xKmzM_output_05_8.mp4,1.333
2tBRn4xKmzM_output_05_9.mp4,1.0
2tBRn4xKmzM_output_06_0.mp4,1.0
2tBRn4xKmzM_output_06_1.mp4,1.0
2tBRn4xKmzM_output_06_2.mp4,1.0
2tBRn4xKmzM_output_06_3.mp4,1.0
2tBRn4xKmzM_output_06_4.mp4,1.667
2tBRn4xKmzM_output_06_5.mp4,1.667
2tBRn4xKmzM_output_06_6.mp4,2.667
2tBRn4xKmzM_output_06_8.mp4,3.533
2tBRn4xKmzM_output_06_9.mp4,4.333
2tBRn4xKmzM_output_07_0.mp4,1.333
2tBRn4xKmzM_output_07_1.mp4,3.0
2tBRn4xKmzM_output_07_2.mp4,4.0
2tBRn4xKmzM_output_07_3.mp4,4.0
2tBRn4xKmzM_output_07_4.mp4,3.083
2tBRn4xKmzM_output_07_5.mp4,3.0
2tBRn4xKmzM_output_07_6.mp4,2.667
2tBRn4xKmzM_output_07_7.mp4,3.5
2tBRn4xKmzM_output_07_8.mp4,3.833
2tBRn4xKmzM_output_07_9.mp4,5.0
2tBRn4xKmzM_output_08_0.mp4,2.0
2tBRn4xKmzM_output_08_1.mp4,2.0
2tBRn4xKmzM_output_08_2.mp4,2.667
2tBRn4xKmzM_output_08_3.mp4,3.222
2tBRn4xKmzM_output_08_4.mp4,4.0
2tBRn4xKmzM_output_08_5.mp4,3.0
2tBRn4xKmzM_output_08_6.mp4,4.333
2tBRn4xKmzM_output_08_7.mp4,4.333
2tBRn4xKmzM_output_08_8.mp4,3.889
2tBRn4xKmzM_output_08_9.mp4,4.0
2tBRn4xKmzM_output_09_0.mp4,3.0
2tBRn4xKmzM_output_09_1.mp4,1.333
2tBRn4xKmzM_output_09_2.mp4,3.0
2tBRn4xKmzM_output_09_3.mp4,3.222
2tBRn4xKmzM_output_09_4.mp4,4.0
2tBRn4xKmzM_output_09_6.mp4,3.889
2tBRn4xKmzM_output_09_7.mp4,4.111
2tBRn4xKmzM_output_09_8.mp4,4.333
2tBRn4xKmzM_output_09_9.mp4,4.333
2y7aiiaJPf8_output_01_0.mp4,2.333
2y7aiiaJPf8_output_01_3.mp4,5.0
2y7aiiaJPf8_output_01_4.mp4,5.0
2y7aiiaJPf8_output_01_5.mp4,5.0
2y7aiiaJPf8_output_01_6.mp4,4.0
2y7aiiaJPf8_output_01_7.mp4,2.0
2y7aiiaJPf8_output_01_8.mp4,2.333
2y7aiiaJPf8_output_01_9.mp4,1.667
2y7aiiaJPf8_output_02_0.mp4,4.333
2y7aiiaJPf8_output_02_1.mp4,5.0
2y7aiiaJPf8_output_02_2.mp4,3.833
2y7aiiaJPf8_output_02_3.mp4,4.0
2y7aiiaJPf8_output_02_4.mp4,2.667
2y7aiiaJPf8_output_02_5.mp4,2.5
2y7aiiaJPf8_output_02_6.mp4,2.667
2y7aiiaJPf8_output_02_7.mp4,2.556
2y7aiiaJPf8_output_02_8.mp4,1.0
2y7aiiaJPf8_output_02_9.mp4,1.0
2y7aiiaJPf8_output_03_0.mp4,5.0
2y7aiiaJPf8_output_03_1.mp4,4.0
2y7aiiaJPf8_output_03_2.mp4,4.167
2y7aiiaJPf8_output_03_3.mp4,3.333
2y7aiiaJPf8_output_03_4.mp4,3.333
2y7aiiaJPf8_output_03_5.mp4,3.333
2y7aiiaJPf8_output_03_6.mp4,3.0
2y7aiiaJPf8_output_03_7.mp4,2.833
2y7aiiaJPf8_output_03_8.mp4,1.0
2y7aiiaJPf8_output_03_9.mp4,1.0
2y7aiiaJPf8_output_04_0.mp4,5.0
2y7aiiaJPf8_output_04_1.mp4,4.0
2y7aiiaJPf8_output_04_2.mp4,2.778
2y7aiiaJPf8_output_04_3.mp4,2.333
2y7aiiaJPf8_output_04_6.mp4,3.067
2y7aiiaJPf8_output_04_8.mp4,1.0
2y7aiiaJPf8_output_04_9.mp4,1.333
2y7aiiaJPf8_output_05_0.mp4,5.0
2y7aiiaJPf8_output_05_1.mp4,4.667
2y7aiiaJPf8_output_05_2.mp4,4.0
2y7aiiaJPf8_output_05_3.mp4,2.833
2y7aiiaJPf8_output_05_5.mp4,3.0
2y7aiiaJPf8_output_05_6.mp4,1.0
2y7aiiaJPf8_output_05_8.mp4,1.0
2y7aiiaJPf8_output_05_9.mp4,1.0
2y7aiiaJPf8_output_06_0.mp4,1.0
2y7aiiaJPf8_output_06_1.mp4,1.0
2y7aiiaJPf8_output_06_2.mp4,1.333
2y7aiiaJPf8_output_06_4.mp4,4.0
2y7aiiaJPf8_output_06_5.mp4,3.667
2y7aiiaJPf8_output_06_6.mp4,5.0
2y7aiiaJPf8_output_06_7.mp4,3.833
2y7aiiaJPf8_output_06_8.mp4,3.5
2y7aiiaJPf8_output_06_9.mp4,5.0
2y7aiiaJPf8_output_07_0.mp4,1.0
2y7aiiaJPf8_output_07_1.mp4,1.333
2y7aiiaJPf8_output_07_2.mp4,2.5
2y7aiiaJPf8_output_07_3.mp4,2.5
2y7aiiaJPf8_output_07_4.mp4,1.667
2y7aiiaJPf8_output_07_6.mp4,2.333
2y7aiiaJPf8_output_07_7.mp4,1.167
2y7aiiaJPf8_output_07_8.mp4,2.667
2y7aiiaJPf8_output_07_9.mp4,3.0
2y7aiiaJPf8_output_08_0.mp4,2.0
2y7aiiaJPf8_output_08_1.mp4,3.0
2y7aiiaJPf8_output_08_2.mp4,4.0
2y7aiiaJPf8_output_08_3.mp4,3.0
2y7aiiaJPf8_output_08_4.mp4,4.667
2y7aiiaJPf8_output_08_6.mp4,4.667
2y7aiiaJPf8_output_08_7.mp4,4.667
2y7aiiaJPf8_output_08_8.mp4,5.0
2y7aiiaJPf8_output_08_9.mp4,5.0
2y7aiiaJPf8_output_09_0.mp4,3.0
2y7aiiaJPf8_output_09_1.mp4,4.0
2y7aiiaJPf8_output_09_2.mp4,4.5
2y7aiiaJPf8_output_09_4.mp4,3.833
2y7aiiaJPf8_output_09_5.mp4,3.917
2y7aiiaJPf8_output_09_6.mp4,3.583
2y7aiiaJPf8_output_09_7.mp4,3.0
2y7aiiaJPf8_output_09_8.mp4,5.0
2y7aiiaJPf8_output_09_9.mp4,4.333
2zvRxVypSC8_output_01_0.mp4,1.0
2zvRxVypSC8_output_01_2.mp4,4.0
2zvRxVypSC8_output_01_4.mp4,4.0
2zvRxVypSC8_output_01_6.mp4,4.0
2zvRxVypSC8_output_01_7.mp4,2.0
2zvRxVypSC8_output_01_9.mp4,1.0
2zvRxVypSC8_output_02_0.mp4,5.0
2zvRxVypSC8_output_02_1.mp4,4.333
2zvRxVypSC8_output_02_2.mp4,3.667
2zvRxVypSC8_output_02_5.mp4,2.167
2zvRxVypSC8_output_02_6.mp4,3.167
2zvRxVypSC8_output_02_8.mp4,1.0
2zvRxVypSC8_output_02_9.mp4,2.0
2zvRxVypSC8_output_03_1.mp4,4.667
2zvRxVypSC8_output_03_2.mp4,2.0
2zvRxVypSC8_output_03_3.mp4,3.0
2zvRxVypSC8_output_03_5.mp4,4.0
2zvRxVypSC8_output_03_6.mp4,3.333
2zvRxVypSC8_output_03_7.mp4,2.0
2zvRxVypSC8_output_03_8.mp4,1.0
2zvRxVypSC8_output_03_9.mp4,1.0
2zvRxVypSC8_output_04_0.mp4,5.0
2zvRxVypSC8_output_04_1.mp4,3.0
2zvRxVypSC8_output_04_2.mp4,4.0
2zvRxVypSC8_output_04_3.mp4,4.333
2zvRxVypSC8_output_04_6.mp4,3.167
2zvRxVypSC8_output_04_7.mp4,1.333
2zvRxVypSC8_output_04_9.mp4,1.333
2zvRxVypSC8_output_05_0.mp4,4.333
2zvRxVypSC8_output_05_1.mp4,3.0
2zvRxVypSC8_output_05_2.mp4,4.0
2zvRxVypSC8_output_05_3.mp4,4.333
2zvRxVypSC8_output_05_4.mp4,3.0
2zvRxVypSC8_output_05_5.mp4,4.0
2zvRxVypSC8_output_05_6.mp4,4.0
2zvRxVypSC8_output_05_7.mp4,4.0
2zvRxVypSC8_output_05_8.mp4,4.0
2zvRxVypSC8_output_05_9.mp4,1.0
2zvRxVypSC8_output_06_0.mp4,1.0
2zvRxVypSC8_output_06_1.mp4,1.0
2zvRxVypSC8_output_06_2.mp4,1.0
2zvRxVypSC8_output_06_3.mp4,1.167
2zvRxVypSC8_output_06_6.mp4,2.0
2zvRxVypSC8_output_06_8.mp4,2.833
2zvRxVypSC8_output_06_9.mp4,4.667
2zvRxVypSC8_output_07_0.mp4,2.0
2zvRxVypSC8_output_07_1.mp4,2.0
2zvRxVypSC8_output_07_3.mp4,3.5
2zvRxVypSC8_output_07_4.mp4,2.833
2zvRxVypSC8_output_07_5.mp4,2.867
2zvRxVypSC8_output_07_6.mp4,3.333
2zvRxVypSC8_output_07_7.mp4,2.667
2zvRxVypSC8_output_07_8.mp4,2.8
2zvRxVypSC8_output_07_9.mp4,4.0
2zvRxVypSC8_output_08_0.mp4,3.0
2zvRxVypSC8_output_08_1.mp4,1.0
2zvRxVypSC8_output_08_2.mp4,4.167
2zvRxVypSC8_output_08_4.mp4,3.333
2zvRxVypSC8_output_08_5.mp4,3.556
2zvRxVypSC8_output_08_6.mp4,4.0
2zvRxVypSC8_output_08_7.mp4,4.0
2zvRxVypSC8_output_08_9.mp4,4.667
2zvRxVypSC8_output_09_0.mp4,1.0
2zvRxVypSC8_output_09_1.mp4,1.0
2zvRxVypSC8_output_09_3.mp4,2.167
2zvRxVypSC8_output_09_4.mp4,3.333
2zvRxVypSC8_output_09_6.mp4,1.167
2zvRxVypSC8_output_09_7.mp4,2.0
2zvRxVypSC8_output_09_8.mp4,2.889
2zvRxVypSC8_output_09_9.mp4,4.0
3AzacBprTzU_output_01_0.mp4,1.667
3AzacBprTzU_output_01_1.mp4,1.333
3AzacBprTzU_output_01_2.mp4,4.667
3AzacBprTzU_output_01_3.mp4,5.0
3AzacBprTzU_output_01_4.mp4,5.0
3AzacBprTzU_output_01_5.mp4,5.0
3AzacBprTzU_output_01_6.mp4,3.5
3AzacBprTzU_output_01_7.mp4,1.0
3AzacBprTzU_output_01_8.mp4,1.333
3AzacBprTzU_output_01_9.mp4,1.0
3AzacBprTzU_output_02_0.mp4,4.667
3AzacBprTzU_output_02_1.mp4,4.333
3AzacBprTzU_output_02_2.mp4,4.667
3AzacBprTzU_output_02_3.mp4,3.333
3AzacBprTzU_output_02_4.mp4,2.444
3AzacBprTzU_output_02_8.mp4,1.333
3AzacBprTzU_output_02_9.mp4,1.0
3AzacBprTzU_output_03_0.mp4,4.333
3AzacBprTzU_output_03_1.mp4,5.0
3AzacBprTzU_output_03_2.mp4,3.583
3AzacBprTzU_output_03_3.mp4,3.556
3AzacBprTzU_output_03_4.mp4,2.333
3AzacBprTzU_output_03_5.mp4,3.333
3AzacBprTzU_output_03_6.mp4,2.333
3AzacBprTzU_output_03_7.mp4,2.889
3AzacBprTzU_output_03_8.mp4,2.0
3AzacBprTzU_output_03_9.mp4,3.0
3AzacBprTzU_output_04_0.mp4,5.0
3AzacBprTzU_output_04_1.mp4,4.333
3AzacBprTzU_output_04_2.mp4,2.333
3AzacBprTzU_output_04_3.mp4,2.667
3AzacBprTzU_output_04_5.mp4,4.333
3AzacBprTzU_output_04_6.mp4,2.5
3AzacBprTzU_output_04_7.mp4,2.0
3AzacBprTzU_output_04_9.mp4,1.0
3AzacBprTzU_output_05_0.mp4,4.667
3AzacBprTzU_output_05_1.mp4,5.0
3AzacBprTzU_output_05_3.mp4,2.0
3AzacBprTzU_output_05_4.mp4,3.333
3AzacBprTzU_output_05_5.mp4,2.5
3AzacBprTzU_output_05_6.mp4,2.0
3AzacBprTzU_output_05_7.mp4,2.333
3AzacBprTzU_output_05_8.mp4,1.0
3AzacBprTzU_output_05_9.mp4,1.0
3AzacBprTzU_output_06_0.mp4,1.0
3AzacBprTzU_output_06_1.mp4,1.0
3AzacBprTzU_output_06_2.mp4,1.0
3AzacBprTzU_output_06_3.mp4,2.0
3AzacBprTzU_output_06_4.mp4,2.167
3AzacBprTzU_output_06_5.mp4,2.5
3AzacBprTzU_output_06_6.mp4,3.667
3AzacBprTzU_output_06_7.mp4,2.0
3AzacBprTzU_output_06_8.mp4,4.333
3AzacBprTzU_output_06_9.mp4,4.667
3AzacBprTzU_output_07_0.mp4,1.0
3AzacBprTzU_output_07_1.mp4,1.333
3AzacBprTzU_output_07_2.mp4,2.167
3AzacBprTzU_output_07_3.mp4,1.667
3AzacBprTzU_output_07_4.mp4,2.5
3AzacBprTzU_output_07_5.mp4,3.667
3AzacBprTzU_output_07_6.mp4,2.0
3AzacBprTzU_output_07_7.mp4,2.833
3AzacBprTzU_output_07_8.mp4,3.167
3AzacBprTzU_output_07_9.mp4,4.0
3AzacBprTzU_output_08_0.mp4,1.333
3AzacBprTzU_output_08_1.mp4,1.333
3AzacBprTzU_output_08_2.mp4,4.667
3AzacBprTzU_output_08_4.mp4,2.667
3AzacBprTzU_output_08_5.mp4,4.167
3AzacBprTzU_output_08_7.mp4,4.667
3AzacBprTzU_output_08_8.mp4,4.0
3AzacBprTzU_output_09_0.mp4,3.0
3AzacBprTzU_output_09_1.mp4,4.0
3AzacBprTzU_output_09_2.mp4,3.583
3AzacBprTzU_output_09_3.mp4,3.0
3AzacBprTzU_output_09_4.mp4,4.0
3AzacBprTzU_output_09_5.mp4,3.333
3AzacBprTzU_output_09_6.mp4,4.222
3AzacBprTzU_output_09_7.mp4,3.333
3AzacBprTzU_output_09_8.mp4,4.333
3AzacBprTzU_output_09_9.mp4,5.0
3NGZcpAZcl0_output_01_0.mp4,2.0
3NGZcpAZcl0_output_01_1.mp4,2.0
3NGZcpAZcl0_output_01_2.mp4,4.667
3NGZcpAZcl0_output_01_3.mp4,5.0
3NGZcpAZcl0_output_01_4.mp4,4.0
3NGZcpAZcl0_output_01_5.mp4,4.0
3NGZcpAZcl0_output_01_6.mp4,3.667
3NGZcpAZcl0_output_01_7.mp4,2.0
3NGZcpAZcl0_output_01_9.mp4,2.0
3NGZcpAZcl0_output_02_0.mp4,4.667
3NGZcpAZcl0_output_02_1.mp4,4.333
3NGZcpAZcl0_output_02_4.mp4,3.0
3NGZcpAZcl0_output_02_5.mp4,4.667
3NGZcpAZcl0_output_02_6.mp4,3.333
3NGZcpAZcl0_output_02_7.mp4,2.833
3NGZcpAZcl0_output_02_8.mp4,3.0
3NGZcpAZcl0_output_02_9.mp4,1.0
3NGZcpAZcl0_output_03_0.mp4,5.0
3NGZcpAZcl0_output_03_3.mp4,3.444
3NGZcpAZcl0_output_03_4.mp4,4.0
3NGZcpAZcl0_output_03_5.mp4,3.5
3NGZcpAZcl0_output_03_6.mp4,4.167
3NGZcpAZcl0_output_03_8.mp4,3.0
3NGZcpAZcl0_output_03_9.mp4,1.0
3NGZcpAZcl0_output_04_0.mp4,4.333
3NGZcpAZcl0_output_04_1.mp4,4.0
3NGZcpAZcl0_output_04_2.mp4,4.111
3NGZcpAZcl0_output_04_3.mp4,4.0
3NGZcpAZcl0_output_04_4.mp4,3.333
3NGZcpAZcl0_output_04_5.mp4,3.667
3NGZcpAZcl0_output_04_6.mp4,3.556
3NGZcpAZcl0_output_04_7.mp4,1.0
3NGZcpAZcl0_output_04_8.mp4,2.0
3NGZcpAZcl0_output_04_9.mp4,1.0
3NGZcpAZcl0_output_05_0.mp4,4.333
3NGZcpAZcl0_output_05_3.mp4,3.333
3NGZcpAZcl0_output_05_6.mp4,3.667
3NGZcpAZcl0_output_05_7.mp4,3.5
3NGZcpAZcl0_output_05_8.mp4,1.0
3NGZcpAZcl0_output_05_9.mp4,1.0
3NGZcpAZcl0_output_06_0.mp4,1.0
3NGZcpAZcl0_output_06_1.mp4,1.0
3NGZcpAZcl0_output_06_2.mp4,1.0
3NGZcpAZcl0_output_06_3.mp4,1.0
3NGZcpAZcl0_output_06_4.mp4,1.0
3NGZcpAZcl0_output_06_5.mp4,2.5
3NGZcpAZcl0_output_06_6.mp4,2.833
3NGZcpAZcl0_output_06_7.mp4,3.5
3NGZcpAZcl0_output_06_8.mp4,3.667
3NGZcpAZcl0_output_07_0.mp4,1.0
3NGZcpAZcl0_output_07_1.mp4,1.0
3NGZcpAZcl0_output_07_2.mp4,3.778
3NGZcpAZcl0_output_07_5.mp4,4.0
3NGZcpAZcl0_output_07_6.mp4,3.083
3NGZcpAZcl0_output_07_7.mp4,3.0
3NGZcpAZcl0_output_07_8.mp4,4.5
3NGZcpAZcl0_output_07_9.mp4,4.0
3NGZcpAZcl0_output_08_0.mp4,3.0
3NGZcpAZcl0_output_08_2.mp4,4.0
3NGZcpAZcl0_output_08_3.mp4,4.0
3NGZcpAZcl0_output_08_4.mp4,3.667
3NGZcpAZcl0_output_08_5.mp4,3.0
3NGZcpAZcl0_output_08_6.mp4,3.667
3NGZcpAZcl0_output_08_7.mp4,4.333
3NGZcpAZcl0_output_08_8.mp4,3.933
3NGZcpAZcl0_output_08_9.mp4,4.0
3NGZcpAZcl0_output_09_0.mp4,3.0
3NGZcpAZcl0_output_09_1.mp4,2.0
3NGZcpAZcl0_output_09_3.mp4,3.167
3NGZcpAZcl0_output_09_4.mp4,1.333
3NGZcpAZcl0_output_09_5.mp4,3.667
3NGZcpAZcl0_output_09_7.mp4,2.75
3NGZcpAZcl0_output_09_9.mp4,4.0
3vGt56yH8Kk_output_01_0.mp4,1.0
3vGt56yH8Kk_output_01_1.mp4,1.667
3vGt56yH8Kk_output_01_2.mp4,4.667
3vGt56yH8Kk_output_01_4.mp4,5.0
3vGt56yH8Kk_output_01_5.mp4,5.0
3vGt56yH8Kk_output_01_6.mp4,4.0
3vGt56yH8Kk_output_01_7.mp4,2.0
3vGt56yH8Kk_output_01_8.mp4,2.0
3vGt56yH8Kk_output_01_9.mp4,1.667
3vGt56yH8Kk_output_02_0.mp4,4.667
3vGt56yH8Kk_output_02_1.mp4,4.667
3vGt56yH8Kk_output_02_3.mp4,2.333
3vGt56yH8Kk_output_02_4.mp4,2.5
3vGt56yH8Kk_output_02_5.mp4,3.0
3vGt56yH8Kk_output_02_6.mp4,3.0
3vGt56yH8Kk_output_02_7.mp4,2.083
3vGt56yH8Kk_output_02_8.mp4,1.0
3vGt56yH8Kk_output_02_9.mp4,1.0
3vGt56yH8Kk_output_03_0.mp4,4.667
3vGt56yH8Kk_output_03_1.mp4,4.667
3vGt56yH8Kk_output_03_4.mp4,3.0
3vGt56yH8Kk_output_03_5.mp4,2.833
3vGt56yH8Kk_output_03_6.mp4,3.333
3vGt56yH8Kk_output_03_7.mp4,1.5
3vGt56yH8Kk_output_03_8.mp4,2.0
3vGt56yH8Kk_output_03_9.mp4,1.0
3vGt56yH8Kk_output_04_1.mp4,4.667
3vGt56yH8Kk_output_04_2.mp4,4.0
3vGt56yH8Kk_output_04_3.mp4,2.333
3vGt56yH8Kk_output_04_6.mp4,3.083
3vGt56yH8Kk_output_04_7.mp4,1.5
3vGt56yH8Kk_output_04_8.mp4,1.0
3vGt56yH8Kk_output_04_9.mp4,1.0
3vGt56yH8Kk_output_05_0.mp4,5.0
3vGt56yH8Kk_output_05_1.mp4,4.333
3vGt56yH8Kk_output_05_2.mp4,2.0
3vGt56yH8Kk_output_05_3.mp4,2.333
3vGt56yH8Kk_output_05_5.mp4,1.333
3vGt56yH8Kk_output_05_6.mp4,1.333
3vGt56yH8Kk_output_05_9.mp4,1.333
3vGt56yH8Kk_output_06_0.mp4,1.0
3vGt56yH8Kk_output_06_1.mp4,1.0
3vGt56yH8Kk_output_06_2.mp4,1.0
3vGt56yH8Kk_output_06_3.mp4,2.111
3vGt56yH8Kk_output_06_4.mp4,1.5
3vGt56yH8Kk_output_06_5.mp4,3.0
3vGt56yH8Kk_output_06_6.mp4,2.833
3vGt56yH8Kk_output_06_9.mp4,5.0
3vGt56yH8Kk_output_07_0.mp4,1.333
3vGt56yH8Kk_output_07_1.mp4,1.333
3vGt56yH8Kk_output_07_2.mp4,2.0
3vGt56yH8Kk_output_07_3.mp4,1.667
3vGt56yH8Kk_output_07_4.mp4,3.0
3vGt56yH8Kk_output_07_5.mp4,1.333
3vGt56yH8Kk_output_07_6.mp4,1.0
3vGt56yH8Kk_output_07_7.mp4,1.5
3vGt56yH8Kk_output_07_8.mp4,2.222
3vGt56yH8Kk_output_07_9.mp4,4.333
3vGt56yH8Kk_output_08_0.mp4,3.0
3vGt56yH8Kk_output_08_1.mp4,3.0
3vGt56yH8Kk_output_08_2.mp4,2.667
3vGt56yH8Kk_output_08_3.mp4,4.0
3vGt56yH8Kk_output_08_4.mp4,3.833
3vGt56yH8Kk_output_08_5.mp4,4.417
3vGt56yH8Kk_output_08_6.mp4,5.0
3vGt56yH8Kk_output_08_7.mp4,4.0
3vGt56yH8Kk_output_08_8.mp4,4.133
3vGt56yH8Kk_output_08_9.mp4,5.0
3vGt56yH8Kk_output_09_0.mp4,2.0
3vGt56yH8Kk_output_09_1.mp4,2.0
3vGt56yH8Kk_output_09_2.mp4,3.444
3vGt56yH8Kk_output_09_3.mp4,2.333
3vGt56yH8Kk_output_09_4.mp4,3.0
3vGt56yH8Kk_output_09_6.mp4,3.333
3vGt56yH8Kk_output_09_7.mp4,4.0
3vGt56yH8Kk_output_09_8.mp4,4.167
3vGt56yH8Kk_output_09_9.mp4,3.0
J38kN2WqvXE_output_01_0.mp4,2.0
J38kN2WqvXE_output_01_2.mp4,4.556
J38kN2WqvXE_output_01_3.mp4,5.0
J38kN2WqvXE_output_01_4.mp4,4.333
J38kN2WqvXE_output_01_5.mp4,4.667
J38kN2WqvXE_output_01_6.mp4,4.333
J38kN2WqvXE_output_01_8.mp4,2.0
J38kN2WqvXE_output_01_9.mp4,2.0
J38kN2WqvXE_output_02_0.mp4,5.0
J38kN2WqvXE_output_02_1.mp4,4.0
J38kN2WqvXE_output_02_2.mp4,3.5
J38kN2WqvXE_output_02_3.mp4,3.889
J38kN2WqvXE_output_02_4.mp4,2.444
J38kN2WqvXE_output_02_5.mp4,3.333
J38kN2WqvXE_output_02_6.mp4,2.667
J38kN2WqvXE_output_02_7.mp4,3.333
J38kN2WqvXE_output_02_8.mp4,1.0
J38kN2WqvXE_output_02_9.mp4,1.333
J38kN2WqvXE_output_03_0.mp4,5.0
J38kN2WqvXE_output_03_1.mp4,5.0
J38kN2WqvXE_output_03_2.mp4,4.0
J38kN2WqvXE_output_03_3.mp4,4.0
J38kN2WqvXE_output_03_4.mp4,2.333
J38kN2WqvXE_output_03_6.mp4,3.333
J38kN2WqvXE_output_03_7.mp4,2.444
J38kN2WqvXE_output_03_8.mp4,3.0
J38kN2WqvXE_output_03_9.mp4,1.333
J38kN2WqvXE_output_04_0.mp4,4.667
J38kN2WqvXE_output_04_1.mp4,5.0
J38kN2WqvXE_output_04_3.mp4,3.0
J38kN2WqvXE_output_04_4.mp4,4.167
J38kN2WqvXE_output_04_5.mp4,3.75
J38kN2WqvXE_output_04_6.mp4,3.0
J38kN2WqvXE_output_04_7.mp4,3.333
J38kN2WqvXE_output_04_9.mp4,1.0
J38kN2WqvXE_output_05_0.mp4,4.333
J38kN2WqvXE_output_05_1.mp4,5.0
J38kN2WqvXE_output_05_2.mp4,4.0
J38kN2WqvXE_output_05_3.mp4,4.0
J38kN2WqvXE_output_05_4.mp4,4.0
J38kN2WqvXE_output_05_5.mp4,1.667
J38kN2WqvXE_output_05_7.mp4,1.0
J38kN2WqvXE_output_05_9.mp4,1.0
J38kN2WqvXE_output_06_0.mp4,1.0
J38kN2WqvXE_output_06_1.mp4,1.0
J38kN2WqvXE_output_06_2.mp4,2.833
J38kN2WqvXE_output_06_4.mp4,4.333
J38kN2WqvXE_output_06_7.mp4,4.333
J38kN2WqvXE_output_06_8.mp4,4.222
J38kN2WqvXE_output_06_9.mp4,5.0
J38kN2WqvXE_output_07_0.mp4,1.333
J38kN2WqvXE_output_07_1.mp4,1.0
J38kN2WqvXE_output_07_2.mp4,2.0
J38kN2WqvXE_output_07_4.mp4,1.5
J38kN2WqvXE_output_07_5.mp4,3.0
J38kN2WqvXE_output_07_6.mp4,2.167
J38kN2WqvXE_output_07_8.mp4,3.167
J38kN2WqvXE_output_07_9.mp4,4.667
J38kN2WqvXE_output_08_0.mp4,2.0
J38kN2WqvXE_output_08_1.mp4,2.0
J38kN2WqvXE_output_08_3.mp4,5.0
J38kN2WqvXE_output_08_4.mp4,4.5
J38kN2WqvXE_output_08_5.mp4,3.667
J38kN2WqvXE_output_08_6.mp4,4.333
J38kN2WqvXE_output_08_7.mp4,3.833
J38kN2WqvXE_output_08_9.mp4,5.0
J38kN2WqvXE_output_09_0.mp4,3.0
J38kN2WqvXE_output_09_1.mp4,3.0
J38kN2WqvXE_output_09_2.mp4,3.619
J38kN2WqvXE_output_09_3.mp4,3.467
J38kN2WqvXE_output_09_4.mp4,4.0
J38kN2WqvXE_output_09_5.mp4,3.667
J38kN2WqvXE_output_09_6.mp4,4.0
J38kN2WqvXE_output_09_7.mp4,4.0
J38kN2WqvXE_output_09_8.mp4,4.0
J38kN2WqvXE_output_09_9.mp4,5.0
JH6pwKdw9CI_original.mp4,5.0
JH6pwKdw9CI_output_01_2.mp4,3.81
JH6pwKdw9CI_output_01_3.mp4,4.0
JH6pwKdw9CI_output_01_4.mp4,4.333
JH6pwKdw9CI_output_01_5.mp4,5.0
JH6pwKdw9CI_output_01_6.mp4,4.0
JH6pwKdw9CI_output_01_9.mp4,1.667
JH6pwKdw9CI_output_02_0.mp4,4.333
JH6pwKdw9CI_output_02_3.mp4,3.667
JH6pwKdw9CI_output_02_4.mp4,3.111
JH6pwKdw9CI_output_02_5.mp4,2.667
JH6pwKdw9CI_output_02_6.mp4,3.556
JH6pwKdw9CI_output_02_7.mp4,2.5
JH6pwKdw9CI_output_02_8.mp4,1.0
JH6pwKdw9CI_output_02_9.mp4,2.0
JH6pwKdw9CI_output_03_0.mp4,4.667
JH6pwKdw9CI_output_03_1.mp4,4.0
JH6pwKdw9CI_output_03_3.mp4,3.833
JH6pwKdw9CI_output_03_4.mp4,4.0
JH6pwKdw9CI_output_03_6.mp4,4.0
JH6pwKdw9CI_output_03_7.mp4,2.5
JH6pwKdw9CI_output_04_0.mp4,4.333
JH6pwKdw9CI_output_04_1.mp4,3.0
JH6pwKdw9CI_output_04_2.mp4,4.444
JH6pwKdw9CI_output_04_3.mp4,3.333
JH6pwKdw9CI_output_04_4.mp4,2.333
JH6pwKdw9CI_output_04_5.mp4,3.0
JH6pwKdw9CI_output_04_6.mp4,4.111
JH6pwKdw9CI_output_04_8.mp4,2.0
JH6pwKdw9CI_output_04_9.mp4,1.0
JH6pwKdw9CI_output_05_0.mp4,4.667
JH6pwKdw9CI_output_05_1.mp4,4.333
JH6pwKdw9CI_output_05_2.mp4,3.667
JH6pwKdw9CI_output_05_4.mp4,3.833
JH6pwKdw9CI_output_05_5.mp4,4.5
JH6pwKdw9CI_output_05_6.mp4,3.0
JH6pwKdw9CI_output_05_8.mp4,1.0
JH6pwKdw9CI_output_05_9.mp4,1.333
JH6pwKdw9CI_output_06_0.mp4,1.0
JH6pwKdw9CI_output_06_1.mp4,1.0
JH6pwKdw9CI_output_06_2.mp4,1.4
JH6pwKdw9CI_output_06_3.mp4,1.333
JH6pwKdw9CI_output_06_6.mp4,3.5
JH6pwKdw9CI_output_06_7.mp4,1.667
JH6pwKdw9CI_output_06_8.mp4,3.667
JH6pwKdw9CI_output_06_9.mp4,4.0
JH6pwKdw9CI_output_07_0.mp4,1.0
JH6pwKdw9CI_output_07_2.mp4,2.556
JH6pwKdw9CI_output_07_3.mp4,3.0
JH6pwKdw9CI_output_07_4.mp4,2.333
JH6pwKdw9CI_output_07_6.mp4,2.5
JH6pwKdw9CI_output_07_7.mp4,2.333
JH6pwKdw9CI_output_07_8.mp4,3.222
JH6pwKdw9CI_output_07_9.mp4,4.0
JH6pwKdw9CI_output_08_0.mp4,1.0
JH6pwKdw9CI_output_08_1.mp4,1.333
JH6pwKdw9CI_output_08_3.mp4,3.0
JH6pwKdw9CI_output_08_4.mp4,2.5
JH6pwKdw9CI_output_08_6.mp4,2.833
JH6pwKdw9CI_output_08_8.mp4,3.867
JH6pwKdw9CI_output_08_9.mp4,4.667
JH6pwKdw9CI_output_09_0.mp4,3.0
JH6pwKdw9CI_output_09_1.mp4,3.0
JH6pwKdw9CI_output_09_2.mp4,2.556
JH6pwKdw9CI_output_09_3.mp4,1.833
JH6pwKdw9CI_output_09_4.mp4,2.5
JH6pwKdw9CI_output_09_5.mp4,3.667
JH6pwKdw9CI_output_09_6.mp4,4.667
JH6pwKdw9CI_output_09_7.mp4,2.889
JH6pwKdw9CI_output_09_8.mp4,3.333
JH6pwKdw9CI_output_09_9.mp4,4.0
JIr5cdoE9d8_original.mp4,5.0
JIr5cdoE9d8_output_01_0.mp4,1.667
JIr5cdoE9d8_output_01_3.mp4,4.667
JIr5cdoE9d8_output_01_4.mp4,5.0
JIr5cdoE9d8_output_01_5.mp4,5.0
JIr5cdoE9d8_output_01_6.mp4,4.0
JIr5cdoE9d8_output_02_0.mp4,4.0
JIr5cdoE9d8_output_02_1.mp4,4.333
JIr5cdoE9d8_output_02_3.mp4,3.733
JIr5cdoE9d8_output_02_6.mp4,3.0
JIr5cdoE9d8_output_02_7.mp4,3.333
JIr5cdoE9d8_output_02_8.mp4,3.0
JIr5cdoE9d8_output_02_9.mp4,1.0
JIr5cdoE9d8_output_03_0.mp4,4.667
JIr5cdoE9d8_output_03_1.mp4,4.333
JIr5cdoE9d8_output_03_3.mp4,4.0
JIr5cdoE9d8_output_03_4.mp4,5.0
JIr5cdoE9d8_output_03_5.mp4,3.333
JIr5cdoE9d8_output_03_6.mp4,3.667
JIr5cdoE9d8_output_03_7.mp4,3.0
JIr5cdoE9d8_output_03_8.mp4,3.0
JIr5cdoE9d8_output_03_9.mp4,2.0
JIr5cdoE9d8_output_04_0.mp4,4.667
JIr5cdoE9d8_output_04_1.mp4,5.0
JIr5cdoE9d8_output_04_2.mp4,2.333
JIr5cdoE9d8_output_04_4.mp4,3.333
JIr5cdoE9d8_output_04_5.mp4,4.0
JIr5cdoE9d8_output_04_6.mp4,3.667
JIr5cdoE9d8_output_04_8.mp4,3.0
JIr5cdoE9d8_output_05_0.mp4,4.667
JIr5cdoE9d8_output_05_1.mp4,4.0
JIr5cdoE9d8_output_05_2.mp4,4.333
JIr5cdoE9d8_output_05_4.mp4,3.667
JIr5cdoE9d8_output_05_5.mp4,3.667
JIr5cdoE9d8_output_05_6.mp4,2.333
JIr5cdoE9d8_output_05_9.mp4,1.0
JIr5cdoE9d8_output_06_0.mp4,1.0
JIr5cdoE9d8_output_06_1.mp4,1.0
JIr5cdoE9d8_output_06_3.mp4,1.0
JIr5cdoE9d8_output_06_4.mp4,1.444
JIr5cdoE9d8_output_06_5.mp4,1.444
JIr5cdoE9d8_output_06_6.mp4,2.0
JIr5cdoE9d8_output_06_7.mp4,3.333
JIr5cdoE9d8_output_06_8.mp4,3.833
JIr5cdoE9d8_output_06_9.mp4,4.333
JIr5cdoE9d8_output_07_0.mp4,1.333
JIr5cdoE9d8_output_07_1.mp4,1.0
JIr5cdoE9d8_output_07_2.mp4,4.0
JIr5cdoE9d8_output_07_3.mp4,2.333
JIr5cdoE9d8_output_07_4.mp4,2.917
JIr5cdoE9d8_output_07_5.mp4,2.333
JIr5cdoE9d8_output_07_6.mp4,3.167
JIr5cdoE9d8_output_07_7.mp4,2.667
JIr5cdoE9d8_output_07_8.mp4,3.222
JIr5cdoE9d8_output_07_9.mp4,4.0
JIr5cdoE9d8_output_08_0.mp4,3.0
JIr5cdoE9d8_output_08_1.mp4,2.0
JIr5cdoE9d8_output_08_2.mp4,4.667
JIr5cdoE9d8_output_08_3.mp4,5.0
JIr5cdoE9d8_output_08_4.mp4,4.667
JIr5cdoE9d8_output_08_5.mp4,3.917
JIr5cdoE9d8_output_08_6.mp4,4.667
JIr5cdoE9d8_output_08_7.mp4,4.417
JIr5cdoE9d8_output_08_9.mp4,4.0
JIr5cdoE9d8_output_09_0.mp4,1.333
JIr5cdoE9d8_output_09_1.mp4,3.0
JIr5cdoE9d8_output_09_2.mp4,3.667
JIr5cdoE9d8_output_09_3.mp4,3.333
JIr5cdoE9d8_output_09_4.mp4,4.0
JIr5cdoE9d8_output_09_5.mp4,3.333
JIr5cdoE9d8_output_09_7.mp4,4.25
JIr5cdoE9d8_output_09_8.mp4,3.722
JIr5cdoE9d8_output_09_9.mp4,4.333
JJFbs0sC8Hk_output_01_2.mp4,4.0
JJFbs0sC8Hk_output_01_3.mp4,4.667
JJFbs0sC8Hk_output_01_4.mp4,4.333
JJFbs0sC8Hk_output_01_5.mp4,5.0
JJFbs0sC8Hk_output_01_6.mp4,4.0
JJFbs0sC8Hk_output_02_0.mp4,5.0
JJFbs0sC8Hk_output_02_1.mp4,5.0
JJFbs0sC8Hk_output_02_2.mp4,4.0
JJFbs0sC8Hk_output_02_3.mp4,4.0
JJFbs0sC8Hk_output_02_5.mp4,4.167
JJFbs0sC8Hk_output_02_6.mp4,3.333
JJFbs0sC8Hk_output_02_7.mp4,3.333
JJFbs0sC8Hk_output_02_8.mp4,3.0
JJFbs0sC8Hk_output_02_9.mp4,3.0
JJFbs0sC8Hk_output_03_0.mp4,5.0
JJFbs0sC8Hk_output_03_1.mp4,4.333
JJFbs0sC8Hk_output_03_3.mp4,4.0
JJFbs0sC8Hk_output_03_5.mp4,3.833
JJFbs0sC8Hk_output_03_6.mp4,3.733
JJFbs0sC8Hk_output_03_7.mp4,3.0
JJFbs0sC8Hk_output_03_8.mp4,3.0
JJFbs0sC8Hk_output_03_9.mp4,3.0
JJFbs0sC8Hk_output_04_0.mp4,5.0
JJFbs0sC8Hk_output_04_1.mp4,4.333
JJFbs0sC8Hk_output_04_2.mp4,4.333
JJFbs0sC8Hk_output_04_3.mp4,4.0
JJFbs0sC8Hk_output_04_4.mp4,4.111
JJFbs0sC8Hk_output_04_5.mp4,4.0
JJFbs0sC8Hk_output_04_6.mp4,3.583
JJFbs0sC8Hk_output_04_8.mp4,4.0
JJFbs0sC8Hk_output_04_9.mp4,1.333
JJFbs0sC8Hk_output_05_0.mp4,4.0
JJFbs0sC8Hk_output_05_1.mp4,5.0
JJFbs0sC8Hk_output_05_2.mp4,4.333
JJFbs0sC8Hk_output_05_3.mp4,3.5
JJFbs0sC8Hk_output_05_4.mp4,4.333
JJFbs0sC8Hk_output_05_5.mp4,4.556
JJFbs0sC8Hk_output_05_6.mp4,4.556
JJFbs0sC8Hk_output_05_7.mp4,4.333
JJFbs0sC8Hk_output_05_9.mp4,1.0
JJFbs0sC8Hk_output_06_0.mp4,1.0
JJFbs0sC8Hk_output_06_1.mp4,1.0
JJFbs0sC8Hk_output_06_2.mp4,1.0
JJFbs0sC8Hk_output_06_3.mp4,1.0
JJFbs0sC8Hk_output_06_4.mp4,1.333
JJFbs0sC8Hk_output_06_6.mp4,4.0
JJFbs0sC8Hk_output_06_7.mp4,2.583
JJFbs0sC8Hk_output_06_8.mp4,5.0
JJFbs0sC8Hk_output_07_0.mp4,2.0
JJFbs0sC8Hk_output_07_1.mp4,2.0
JJFbs0sC8Hk_output_07_3.mp4,2.833
JJFbs0sC8Hk_output_07_4.mp4,3.0
JJFbs0sC8Hk_output_07_5.mp4,3.111
JJFbs0sC8Hk_output_07_6.mp4,3.667
JJFbs0sC8Hk_output_07_8.mp4,3.889
JJFbs0sC8Hk_output_07_9.mp4,4.0
JJFbs0sC8Hk_output_08_1.mp4,4.0
JJFbs0sC8Hk_output_08_2.mp4,4.667
JJFbs0sC8Hk_output_08_5.mp4,4.533
JJFbs0sC8Hk_output_08_6.mp4,4.5
JJFbs0sC8Hk_output_08_8.mp4,4.556
JJFbs0sC8Hk_output_08_9.mp4,5.0
JJFbs0sC8Hk_output_09_0.mp4,1.0
JJFbs0sC8Hk_output_09_1.mp4,1.0
JJFbs0sC8Hk_output_09_4.mp4,3.333
JJFbs0sC8Hk_output_09_6.mp4,3.778
JJFbs0sC8Hk_output_09_7.mp4,4.0
JJFbs0sC8Hk_output_09_8.mp4,3.917
JJFbs0sC8Hk_output_09_9.mp4,4.333
J_UhHTgR5G8_output_01_0.mp4,1.333
J_UhHTgR5G8_output_01_2.mp4,4.333
J_UhHTgR5G8_output_01_3.mp4,4.0
J_UhHTgR5G8_output_01_4.mp4,4.333
J_UhHTgR5G8_output_01_6.mp4,3.167
J_UhHTgR5G8_output_01_7.mp4,2.333
J_UhHTgR5G8_output_01_8.mp4,1.333
J_UhHTgR5G8_output_01_9.mp4,2.0
J_UhHTgR5G8_output_02_0.mp4,4.333
J_UhHTgR5G8_output_02_1.mp4,4.0
J_UhHTgR5G8_output_02_2.mp4,1.667
J_UhHTgR5G8_output_02_3.mp4,4.0
J_UhHTgR5G8_output_02_4.mp4,4.0
J_UhHTgR5G8_output_02_5.mp4,2.0
J_UhHTgR5G8_output_02_6.mp4,2.333
J_UhHTgR5G8_output_02_7.mp4,4.333
J_UhHTgR5G8_output_02_8.mp4,3.0
J_UhHTgR5G8_output_02_9.mp4,1.333
J_UhHTgR5G8_output_03_0.mp4,4.667
J_UhHTgR5G8_output_03_1.mp4,5.0
J_UhHTgR5G8_output_03_2.mp4,3.333
J_UhHTgR5G8_output_03_4.mp4,3.5
J_UhHTgR5G8_output_03_5.mp4,3.333
J_UhHTgR5G8_output_03_6.mp4,4.0
J_UhHTgR5G8_output_03_8.mp4,1.0
J_UhHTgR5G8_output_03_9.mp4,1.0
J_UhHTgR5G8_output_04_0.mp4,4.667
J_UhHTgR5G8_output_04_1.mp4,5.0
J_UhHTgR5G8_output_04_2.mp4,3.833
J_UhHTgR5G8_output_04_3.mp4,4.333
J_UhHTgR5G8_output_04_5.mp4,4.333
J_UhHTgR5G8_output_04_6.mp4,4.667
J_UhHTgR5G8_output_04_7.mp4,2.556
J_UhHTgR5G8_output_04_9.mp4,1.0
J_UhHTgR5G8_output_05_0.mp4,4.333
J_UhHTgR5G8_output_05_1.mp4,4.333
J_UhHTgR5G8_output_05_2.mp4,4.667
J_UhHTgR5G8_output_05_5.mp4,4.0
J_UhHTgR5G8_output_05_6.mp4,3.333
J_UhHTgR5G8_output_05_7.mp4,3.667
J_UhHTgR5G8_output_05_9.mp4,2.0
J_UhHTgR5G8_output_06_0.mp4,1.0
J_UhHTgR5G8_output_06_1.mp4,1.0
J_UhHTgR5G8_output_06_2.mp4,1.333
J_UhHTgR5G8_output_06_3.mp4,1.333
J_UhHTgR5G8_output_06_4.mp4,1.333
J_UhHTgR5G8_output_06_6.mp4,2.333
J_UhHTgR5G8_output_06_7.mp4,2.333
J_UhHTgR5G8_output_06_9.mp4,4.0
J_UhHTgR5G8_output_07_0.mp4,1.0
J_UhHTgR5G8_output_07_1.mp4,2.0
J_UhHTgR5G8_output_07_2.mp4,3.417
J_UhHTgR5G8_output_07_3.mp4,3.444
J_UhHTgR5G8_output_07_4.mp4,2.5
J_UhHTgR5G8_output_07_5.mp4,3.0
J_UhHTgR5G8_output_07_6.mp4,2.667
J_UhHTgR5G8_output_07_7.mp4,3.333
J_UhHTgR5G8_output_07_8.mp4,2.917
J_UhHTgR5G8_output_07_9.mp4,4.0
J_UhHTgR5G8_output_08_0.mp4,1.333
J_UhHTgR5G8_output_08_1.mp4,1.0
J_UhHTgR5G8_output_08_3.mp4,1.667
J_UhHTgR5G8_output_08_4.mp4,4.667
J_UhHTgR5G8_output_08_5.mp4,3.333
J_UhHTgR5G8_output_08_6.mp4,3.333
J_UhHTgR5G8_output_08_7.mp4,3.611
J_UhHTgR5G8_output_08_8.mp4,4.333
J_UhHTgR5G8_output_08_9.mp4,5.0
J_UhHTgR5G8_output_09_0.mp4,1.0
J_UhHTgR5G8_output_09_2.mp4,2.167
J_UhHTgR5G8_output_09_3.mp4,1.333
J_UhHTgR5G8_output_09_4.mp4,2.222
J_UhHTgR5G8_output_09_6.mp4,3.0
J_UhHTgR5G8_output_09_7.mp4,2.333
J_UhHTgR5G8_output_09_8.mp4,2.667
J_UhHTgR5G8_output_09_9.mp4,4.0
KPyYUly5xCc_original.mp4,4.0
KPyYUly5xCc_output_01_2.mp4,4.0
KPyYUly5xCc_output_01_3.mp4,4.667
KPyYUly5xCc_output_01_4.mp4,4.0
KPyYUly5xCc_output_01_5.mp4,4.333
KPyYUly5xCc_output_01_6.mp4,4.0
KPyYUly5xCc_output_01_9.mp4,1.667
KPyYUly5xCc_output_02_0.mp4,4.667
KPyYUly5xCc_output_02_1.mp4,5.0
KPyYUly5xCc_output_02_2.mp4,4.0
KPyYUly5xCc_output_02_3.mp4,4.0
KPyYUly5xCc_output_02_4.mp4,3.333
KPyYUly5xCc_output_02_5.mp4,3.667
KPyYUly5xCc_output_02_6.mp4,3.667
KPyYUly5xCc_output_02_7.mp4,3.667
KPyYUly5xCc_output_02_8.mp4,2.0
KPyYUly5xCc_output_02_9.mp4,1.0
KPyYUly5xCc_output_03_0.mp4,5.0
KPyYUly5xCc_output_03_1.mp4,5.0
KPyYUly5xCc_output_03_2.mp4,3.222
KPyYUly5xCc_output_03_4.mp4,3.444
KPyYUly5xCc_output_03_5.mp4,3.667
KPyYUly5xCc_output_03_6.mp4,3.667
KPyYUly5xCc_output_03_7.mp4,3.4
KPyYUly5xCc_output_03_8.mp4,3.0
KPyYUly5xCc_output_03_9.mp4,1.0
KPyYUly5xCc_output_04_0.mp4,5.0
KPyYUly5xCc_output_04_1.mp4,4.0
KPyYUly5xCc_output_04_2.mp4,3.778
KPyYUly5xCc_output_04_3.mp4,4.0
KPyYUly5xCc_output_04_4.mp4,4.333
KPyYUly5xCc_output_04_5.mp4,4.0
KPyYUly5xCc_output_04_6.mp4,3.667
KPyYUly5xCc_output_04_8.mp4,4.0
KPyYUly5xCc_output_04_9.mp4,1.333
KPyYUly5xCc_output_05_0.mp4,4.667
KPyYUly5xCc_output_05_1.mp4,4.333
KPyYUly5xCc_output_05_2.mp4,5.0
KPyYUly5xCc_output_05_3.mp4,3.733
KPyYUly5xCc_output_05_4.mp4,4.444
KPyYUly5xCc_output_05_5.mp4,4.0
KPyYUly5xCc_output_05_6.mp4,4.0
KPyYUly5xCc_output_05_7.mp4,4.111
KPyYUly5xCc_output_05_8.mp4,3.0
KPyYUly5xCc_output_05_9.mp4,1.0
KPyYUly5xCc_output_06_0.mp4,1.0
KPyYUly5xCc_output_06_1.mp4,1.0
KPyYUly5xCc_output_06_2.mp4,1.167
KPyYUly5xCc_output_06_3.mp4,1.0
KPyYUly5xCc_output_06_4.mp4,1.0
KPyYUly5xCc_output_06_5.mp4,2.167
KPyYUly5xCc_output_06_6.mp4,3.333
KPyYUly5xCc_output_06_7.mp4,3.167
KPyYUly5xCc_output_06_8.mp4,3.0
KPyYUly5xCc_output_06_9.mp4,4.667
KPyYUly5xCc_output_07_0.mp4,2.0
KPyYUly5xCc_output_07_1.mp4,3.0
KPyYUly5xCc_output_07_2.mp4,3.444
KPyYUly5xCc_output_07_3.mp4,4.333
KPyYUly5xCc_output_07_6.mp4,3.0
KPyYUly5xCc_output_07_9.mp4,4.0
KPyYUly5xCc_output_08_1.mp4,3.0
KPyYUly5xCc_output_08_2.mp4,3.5
KPyYUly5xCc_output_08_3.mp4,4.0
KPyYUly5xCc_output_08_4.mp4,4.0
KPyYUly5xCc_output_08_5.mp4,4.333
KPyYUly5xCc_output_08_6.mp4,4.0
KPyYUly5xCc_output_08_7.mp4,2.333
KPyYUly5xCc_output_08_8.mp4,4.167
KPyYUly5xCc_output_08_9.mp4,4.333
KPyYUly5xCc_output_09_1.mp4,1.0
KPyYUly5xCc_output_09_2.mp4,3.333
KPyYUly5xCc_output_09_3.mp4,3.667
KPyYUly5xCc_output_09_4.mp4,2.833
KPyYUly5xCc_output_09_5.mp4,3.0
KPyYUly5xCc_output_09_6.mp4,3.667
KPyYUly5xCc_output_09_7.mp4,4.208
KPyYUly5xCc_output_09_8.mp4,3.333
KPyYUly5xCc_output_09_9.mp4,4.333
R92tGFJYj1w_output_01_0.mp4,2.333
R92tGFJYj1w_output_01_1.mp4,2.333
R92tGFJYj1w_output_01_2.mp4,3.833
R92tGFJYj1w_output_01_3.mp4,5.0
R92tGFJYj1w_output_01_4.mp4,4.0
R92tGFJYj1w_output_01_5.mp4,4.333
R92tGFJYj1w_output_01_6.mp4,4.167
R92tGFJYj1w_output_01_8.mp4,2.0
R92tGFJYj1w_output_01_9.mp4,2.0
R92tGFJYj1w_output_02_0.mp4,5.0
R92tGFJYj1w_output_02_1.mp4,4.0
R92tGFJYj1w_output_02_2.mp4,4.0
R92tGFJYj1w_output_02_3.mp4,3.833
R92tGFJYj1w_output_02_4.mp4,3.667
R92tGFJYj1w_output_02_7.mp4,3.5
R92tGFJYj1w_output_02_9.mp4,1.0
R92tGFJYj1w_output_03_0.mp4,5.0
R92tGFJYj1w_output_03_1.mp4,4.0
R92tGFJYj1w_output_03_2.mp4,3.667
R92tGFJYj1w_output_03_3.mp4,3.333
R92tGFJYj1w_output_03_4.mp4,3.5
R92tGFJYj1w_output_03_5.mp4,3.667
R92tGFJYj1w_output_03_6.mp4,3.667
R92tGFJYj1w_output_03_7.mp4,3.333
R92tGFJYj1w_output_03_8.mp4,2.0
R92tGFJYj1w_output_03_9.mp4,3.0
R92tGFJYj1w_output_04_0.mp4,5.0
R92tGFJYj1w_output_04_1.mp4,4.0
R92tGFJYj1w_output_04_2.mp4,4.667
R92tGFJYj1w_output_04_3.mp4,3.667
R92tGFJYj1w_output_04_4.mp4,3.0
R92tGFJYj1w_output_04_5.mp4,4.0
R92tGFJYj1w_output_04_6.mp4,3.417
R92tGFJYj1w_output_04_7.mp4,3.333
R92tGFJYj1w_output_04_8.mp4,3.0
R92tGFJYj1w_output_05_0.mp4,4.667
R92tGFJYj1w_output_05_2.mp4,3.333
R92tGFJYj1w_output_05_3.mp4,3.333
R92tGFJYj1w_output_05_4.mp4,4.167
R92tGFJYj1w_output_05_7.mp4,4.111
R92tGFJYj1w_output_05_8.mp4,1.0
R92tGFJYj1w_output_06_0.mp4,1.0
R92tGFJYj1w_output_06_1.mp4,1.0
R92tGFJYj1w_output_06_2.mp4,1.0
R92tGFJYj1w_output_06_6.mp4,3.667
R92tGFJYj1w_output_06_7.mp4,2.167
R92tGFJYj1w_output_06_8.mp4,3.167
R92tGFJYj1w_output_06_9.mp4,5.0
R92tGFJYj1w_output_07_0.mp4,2.0
R92tGFJYj1w_output_07_1.mp4,2.0
R92tGFJYj1w_output_07_2.mp4,3.167
R92tGFJYj1w_output_07_3.mp4,3.111
R92tGFJYj1w_output_07_4.mp4,3.0
R92tGFJYj1w_output_07_5.mp4,2.583
R92tGFJYj1w_output_07_6.mp4,2.667
R92tGFJYj1w_output_07_7.mp4,3.667
R92tGFJYj1w_output_07_8.mp4,3.4
R92tGFJYj1w_output_07_9.mp4,4.333
R92tGFJYj1w_output_08_0.mp4,2.0
R92tGFJYj1w_output_08_3.mp4,4.0
R92tGFJYj1w_output_08_7.mp4,4.0
R92tGFJYj1w_output_08_8.mp4,4.667
R92tGFJYj1w_output_08_9.mp4,4.0
R92tGFJYj1w_output_09_0.mp4,1.333
R92tGFJYj1w_output_09_1.mp4,2.0
R92tGFJYj1w_output_09_2.mp4,3.0
R92tGFJYj1w_output_09_4.mp4,3.222
R92tGFJYj1w_output_09_5.mp4,3.333
R92tGFJYj1w_output_09_6.mp4,2.867
R92tGFJYj1w_output_09_7.mp4,2.333
R92tGFJYj1w_output_09_8.mp4,2.667
R92tGFJYj1w_output_09_9.mp4,4.667
aWgRtDIA2U4_output_01_0.mp4,2.0
aWgRtDIA2U4_output_01_2.mp4,2.5
aWgRtDIA2U4_output_01_3.mp4,3.0
aWgRtDIA2U4_output_01_6.mp4,2.0
aWgRtDIA2U4_output_01_8.mp4,1.0
aWgRtDIA2U4_output_02_0.mp4,4.0
aWgRtDIA2U4_output_02_1.mp4,4.333
aWgRtDIA2U4_output_02_2.mp4,3.667
aWgRtDIA2U4_output_02_3.mp4,2.667
aWgRtDIA2U4_output_02_6.mp4,1.667
aWgRtDIA2U4_output_02_7.mp4,3.333
aWgRtDIA2U4_output_02_9.mp4,1.0
aWgRtDIA2U4_output_03_1.mp4,4.0
aWgRtDIA2U4_output_03_3.mp4,2.0
aWgRtDIA2U4_output_03_4.mp4,2.5
aWgRtDIA2U4_output_03_5.mp4,1.667
aWgRtDIA2U4_output_03_6.mp4,1.667
aWgRtDIA2U4_output_03_7.mp4,2.0
aWgRtDIA2U4_output_03_9.mp4,1.0
aWgRtDIA2U4_output_04_0.mp4,4.0
aWgRtDIA2U4_output_04_1.mp4,2.0
aWgRtDIA2U4_output_04_3.mp4,2.0
aWgRtDIA2U4_output_04_4.mp4,1.556
aWgRtDIA2U4_output_04_5.mp4,3.0
aWgRtDIA2U4_output_04_6.mp4,1.5
aWgRtDIA2U4_output_04_7.mp4,1.667
aWgRtDIA2U4_output_04_8.mp4,1.0
aWgRtDIA2U4_output_04_9.mp4,1.0
aWgRtDIA2U4_output_05_0.mp4,4.333
aWgRtDIA2U4_output_05_1.mp4,3.0
aWgRtDIA2U4_output_05_2.mp4,2.0
aWgRtDIA2U4_output_05_3.mp4,2.667
aWgRtDIA2U4_output_05_5.mp4,3.083
aWgRtDIA2U4_output_05_6.mp4,3.5
aWgRtDIA2U4_output_05_7.mp4,2.722
aWgRtDIA2U4_output_05_9.mp4,1.333
aWgRtDIA2U4_output_06_0.mp4,1.0
aWgRtDIA2U4_output_06_1.mp4,1.0
aWgRtDIA2U4_output_06_2.mp4,1.0
aWgRtDIA2U4_output_06_3.mp4,1.333
aWgRtDIA2U4_output_06_4.mp4,1.0
aWgRtDIA2U4_output_06_6.mp4,1.556
aWgRtDIA2U4_output_06_7.mp4,2.333
aWgRtDIA2U4_output_06_8.mp4,1.0
aWgRtDIA2U4_output_06_9.mp4,4.0
aWgRtDIA2U4_output_07_0.mp4,1.0
aWgRtDIA2U4_output_07_1.mp4,1.0
aWgRtDIA2U4_output_07_2.mp4,3.667
aWgRtDIA2U4_output_07_3.mp4,3.0
aWgRtDIA2U4_output_07_4.mp4,3.333
aWgRtDIA2U4_output_07_6.mp4,2.556
aWgRtDIA2U4_output_07_8.mp4,2.667
aWgRtDIA2U4_output_07_9.mp4,3.0
aWgRtDIA2U4_output_08_0.mp4,1.5
aWgRtDIA2U4_output_08_1.mp4,1.0
aWgRtDIA2U4_output_08_2.mp4,3.5
aWgRtDIA2U4_output_08_4.mp4,1.75
aWgRtDIA2U4_output_08_5.mp4,3.333
aWgRtDIA2U4_output_08_6.mp4,2.0
aWgRtDIA2U4_output_08_8.mp4,2.333
aWgRtDIA2U4_output_08_9.mp4,4.0
aWgRtDIA2U4_output_09_3.mp4,1.333
aWgRtDIA2U4_output_09_4.mp4,3.0
aWgRtDIA2U4_output_09_6.mp4,1.667
aWgRtDIA2U4_output_09_7.mp4,1.833
aWgRtDIA2U4_output_09_8.mp4,1.333
ayIocWNmVqw_original.mp4,5.0
ayIocWNmVqw_output_01_2.mp4,4.333
ayIocWNmVqw_output_01_3.mp4,4.0
ayIocWNmVqw_output_01_4.mp4,4.333
ayIocWNmVqw_output_01_5.mp4,5.0
ayIocWNmVqw_output_01_6.mp4,4.167
ayIocWNmVqw_output_02_0.mp4,4.667
ayIocWNmVqw_output_02_1.mp4,5.0
ayIocWNmVqw_output_02_3.mp4,3.0
ayIocWNmVqw_output_02_4.mp4,3.833
ayIocWNmVqw_output_02_5.mp4,3.833
ayIocWNmVqw_output_02_7.mp4,3.5
ayIocWNmVqw_output_02_8.mp4,1.0
ayIocWNmVqw_output_03_0.mp4,4.333
ayIocWNmVqw_output_03_2.mp4,3.333
ayIocWNmVqw_output_03_3.mp4,4.0
ayIocWNmVqw_output_03_4.mp4,3.167
ayIocWNmVqw_output_03_5.mp4,3.333
ayIocWNmVqw_output_03_6.mp4,4.0
ayIocWNmVqw_output_03_7.mp4,3.0
ayIocWNmVqw_output_03_8.mp4,1.0
ayIocWNmVqw_output_03_9.mp4,1.0
ayIocWNmVqw_output_04_0.mp4,4.333
ayIocWNmVqw_output_04_1.mp4,5.0
ayIocWNmVqw_output_04_2.mp4,4.25
ayIocWNmVqw_output_04_3.mp4,3.667
ayIocWNmVqw_output_04_5.mp4,3.667
ayIocWNmVqw_output_04_6.mp4,3.778
ayIocWNmVqw_output_04_7.mp4,1.667
ayIocWNmVqw_output_04_8.mp4,1.0
ayIocWNmVqw_output_04_9.mp4,1.0
ayIocWNmVqw_output_05_0.mp4,4.667
ayIocWNmVqw_output_05_1.mp4,4.667
ayIocWNmVqw_output_05_3.mp4,4.5
ayIocWNmVqw_output_05_4.mp4,4.0
ayIocWNmVqw_output_05_5.mp4,3.667
ayIocWNmVqw_output_05_6.mp4,4.0
ayIocWNmVqw_output_05_8.mp4,3.0
ayIocWNmVqw_output_06_0.mp4,1.0
ayIocWNmVqw_output_06_1.mp4,1.0
ayIocWNmVqw_output_06_2.mp4,1.333
ayIocWNmVqw_output_06_3.mp4,1.167
ayIocWNmVqw_output_06_4.mp4,1.667
ayIocWNmVqw_output_06_5.mp4,1.5
ayIocWNmVqw_output_06_7.mp4,3.667
ayIocWNmVqw_output_06_8.mp4,3.333
ayIocWNmVqw_output_06_9.mp4,4.667
ayIocWNmVqw_output_07_0.mp4,1.0
ayIocWNmVqw_output_07_1.mp4,2.0
ayIocWNmVqw_output_07_2.mp4,1.667
ayIocWNmVqw_output_07_3.mp4,2.833
ayIocWNmVqw_output_07_4.mp4,2.889
ayIocWNmVqw_output_07_5.mp4,3.5
ayIocWNmVqw_output_07_6.mp4,3.833
ayIocWNmVqw_output_07_7.mp4,2.778
ayIocWNmVqw_output_07_8.mp4,3.0
ayIocWNmVqw_output_07_9.mp4,5.0
ayIocWNmVqw_output_08_0.mp4,1.0
ayIocWNmVqw_output_08_1.mp4,3.0
ayIocWNmVqw_output_08_2.mp4,3.167
ayIocWNmVqw_output_08_3.mp4,3.333
ayIocWNmVqw_output_08_4.mp4,3.333
ayIocWNmVqw_output_08_5.mp4,4.667
ayIocWNmVqw_output_08_6.mp4,3.833
ayIocWNmVqw_output_08_7.mp4,3.667
ayIocWNmVqw_output_08_9.mp4,4.333
ayIocWNmVqw_output_09_0.mp4,2.0
ayIocWNmVqw_output_09_2.mp4,3.5
ayIocWNmVqw_output_09_3.mp4,3.556
ayIocWNmVqw_output_09_4.mp4,4.167
ayIocWNmVqw_output_09_5.mp4,3.333
ayIocWNmVqw_output_09_6.mp4,4.0
ayIocWNmVqw_output_09_7.mp4,3.0
ayIocWNmVqw_output_09_8.mp4,4.0
ayIocWNmVqw_output_09_9.mp4,5.0
b6WMJMU_m90_output_01_0.mp4,2.0
b6WMJMU_m90_output_01_1.mp4,2.0
b6WMJMU_m90_output_01_2.mp4,3.111
b6WMJMU_m90_output_01_3.mp4,4.333
b6WMJMU_m90_output_01_4.mp4,4.0
b6WMJMU_m90_output_01_8.mp4,2.0
b6WMJMU_m90_output_01_9.mp4,1.667
b6WMJMU_m90_output_02_0.mp4,4.0
b6WMJMU_m90_output_02_1.mp4,4.667
b6WMJMU_m90_output_02_2.mp4,3.333
b6WMJMU_m90_output_02_3.mp4,3.333
b6WMJMU_m90_output_02_4.mp4,4.333
b6WMJMU_m90_output_02_5.mp4,3.556
b6WMJMU_m90_output_02_6.mp4,3.5
b6WMJMU_m90_output_02_7.mp4,3.0
b6WMJMU_m90_output_02_8.mp4,2.0
b6WMJMU_m90_output_02_9.mp4,2.0
b6WMJMU_m90_output_03_0.mp4,4.667
b6WMJMU_m90_output_03_1.mp4,5.0
b6WMJMU_m90_output_03_3.mp4,3.833
b6WMJMU_m90_output_03_5.mp4,3.667
b6WMJMU_m90_output_03_6.mp4,2.667
b6WMJMU_m90_output_03_7.mp4,3.222
b6WMJMU_m90_output_03_8.mp4,4.0
b6WMJMU_m90_output_03_9.mp4,1.0
b6WMJMU_m90_output_04_0.mp4,4.0
b6WMJMU_m90_output_04_1.mp4,4.667
b6WMJMU_m90_output_04_2.mp4,3.833
b6WMJMU_m90_output_04_3.mp4,4.067
b6WMJMU_m90_output_04_4.mp4,4.267
b6WMJMU_m90_output_04_5.mp4,3.444
b6WMJMU_m90_output_04_6.mp4,3.333
b6WMJMU_m90_output_04_7.mp4,3.833
b6WMJMU_m90_output_04_8.mp4,2.0
b6WMJMU_m90_output_04_9.mp4,1.333
b6WMJMU_m90_output_05_0.mp4,5.0
b6WMJMU_m90_output_05_1.mp4,4.667
b6WMJMU_m90_output_05_4.mp4,4.0
b6WMJMU_m90_output_05_7.mp4,4.333
b6WMJMU_m90_output_05_8.mp4,1.333
b6WMJMU_m90_output_05_9.mp4,1.0
b6WMJMU_m90_output_06_0.mp4,1.0
b6WMJMU_m90_output_06_1.mp4,1.0
b6WMJMU_m90_output_06_2.mp4,1.0
b6WMJMU_m90_output_06_3.mp4,1.167
b6WMJMU_m90_output_06_4.mp4,1.667
b6WMJMU_m90_output_06_5.mp4,2.5
b6WMJMU_m90_output_06_6.mp4,2.0
b6WMJMU_m90_output_06_8.mp4,3.222
b6WMJMU_m90_output_06_9.mp4,4.333
b6WMJMU_m90_output_07_0.mp4,1.0
b6WMJMU_m90_output_07_1.mp4,1.0
b6WMJMU_m90_output_07_2.mp4,1.667
b6WMJMU_m90_output_07_3.mp4,2.333
b6WMJMU_m90_output_07_4.mp4,3.167
b6WMJMU_m90_output_07_5.mp4,2.667
b6WMJMU_m90_output_07_6.mp4,2.667
b6WMJMU_m90_output_07_7.mp4,1.667
b6WMJMU_m90_output_07_8.mp4,3.667
b6WMJMU_m90_output_07_9.mp4,4.0
b6WMJMU_m90_output_08_1.mp4,2.0
b6WMJMU_m90_output_08_2.mp4,4.5
b6WMJMU_m90_output_08_3.mp4,3.944
b6WMJMU_m90_output_08_4.mp4,4.0
b6WMJMU_m90_output_08_5.mp4,4.0
b6WMJMU_m90_output_08_6.mp4,3.889
b6WMJMU_m90_output_08_7.mp4,3.667
b6WMJMU_m90_output_08_8.mp4,4.25
b6WMJMU_m90_output_08_9.mp4,5.0
b6WMJMU_m90_output_09_0.mp4,2.0
b6WMJMU_m90_output_09_2.mp4,2.5
b6WMJMU_m90_output_09_3.mp4,4.111
b6WMJMU_m90_output_09_4.mp4,3.333
b6WMJMU_m90_output_09_5.mp4,4.667
b6WMJMU_m90_output_09_6.mp4,3.667
b6WMJMU_m90_output_09_7.mp4,4.0
b6WMJMU_m90_output_09_9.mp4,4.0
hsmrvZEc_uw_output_01_0.mp4,2.0
hsmrvZEc_uw_output_01_1.mp4,2.0
hsmrvZEc_uw_output_01_2.mp4,4.0
hsmrvZEc_uw_output_01_3.mp4,4.667
hsmrvZEc_uw_output_01_4.mp4,4.333
hsmrvZEc_uw_output_01_6.mp4,4.667
hsmrvZEc_uw_output_01_8.mp4,2.0
hsmrvZEc_uw_output_01_9.mp4,2.0
hsmrvZEc_uw_output_02_0.mp4,5.0
hsmrvZEc_uw_output_02_1.mp4,4.667
hsmrvZEc_uw_output_02_2.mp4,4.0
hsmrvZEc_uw_output_02_3.mp4,3.667
hsmrvZEc_uw_output_02_4.mp4,4.0
hsmrvZEc_uw_output_02_5.mp4,3.5
hsmrvZEc_uw_output_02_6.mp4,3.111
hsmrvZEc_uw_output_02_7.mp4,3.417
hsmrvZEc_uw_output_02_8.mp4,3.0
hsmrvZEc_uw_output_02_9.mp4,3.0
hsmrvZEc_uw_output_03_0.mp4,4.333
hsmrvZEc_uw_output_03_1.mp4,4.667
hsmrvZEc_uw_output_03_2.mp4,4.0
hsmrvZEc_uw_output_03_4.mp4,3.467
hsmrvZEc_uw_output_03_5.mp4,3.667
hsmrvZEc_uw_output_03_6.mp4,3.667
hsmrvZEc_uw_output_03_7.mp4,3.333
hsmrvZEc_uw_output_03_8.mp4,1.0
hsmrvZEc_uw_output_03_9.mp4,1.0
hsmrvZEc_uw_output_04_0.mp4,5.0
hsmrvZEc_uw_output_04_2.mp4,2.667
hsmrvZEc_uw_output_04_3.mp4,4.0
hsmrvZEc_uw_output_04_4.mp4,5.0
hsmrvZEc_uw_output_04_5.mp4,2.833
hsmrvZEc_uw_output_04_6.mp4,3.0
hsmrvZEc_uw_output_04_7.mp4,3.0
hsmrvZEc_uw_output_04_8.mp4,1.0
hsmrvZEc_uw_output_04_9.mp4,1.0
hsmrvZEc_uw_output_05_0.mp4,4.333
hsmrvZEc_uw_output_05_1.mp4,5.0
hsmrvZEc_uw_output_05_2.mp4,4.833
hsmrvZEc_uw_output_05_3.mp4,4.167
hsmrvZEc_uw_output_05_5.mp4,4.667
hsmrvZEc_uw_output_05_6.mp4,3.833
hsmrvZEc_uw_output_05_7.mp4,4.0
hsmrvZEc_uw_output_06_0.mp4,1.0
hsmrvZEc_uw_output_06_1.mp4,1.0
hsmrvZEc_uw_output_06_2.mp4,1.0
hsmrvZEc_uw_output_06_3.mp4,1.133
hsmrvZEc_uw_output_06_4.mp4,2.167
hsmrvZEc_uw_output_06_5.mp4,2.667
hsmrvZEc_uw_output_06_7.mp4,2.75
hsmrvZEc_uw_output_06_8.mp4,2.917
hsmrvZEc_uw_output_06_9.mp4,5.0
hsmrvZEc_uw_output_07_0.mp4,2.0
hsmrvZEc_uw_output_07_3.mp4,2.5
hsmrvZEc_uw_output_07_4.mp4,2.0
hsmrvZEc_uw_output_07_6.mp4,2.667
hsmrvZEc_uw_output_07_7.mp4,3.0
hsmrvZEc_uw_output_07_9.mp4,5.0
hsmrvZEc_uw_output_08_0.mp4,2.0
hsmrvZEc_uw_output_08_1.mp4,3.0
hsmrvZEc_uw_output_08_2.mp4,4.0
hsmrvZEc_uw_output_08_3.mp4,4.0
hsmrvZEc_uw_output_08_4.mp4,4.333
hsmrvZEc_uw_output_08_5.mp4,4.333
hsmrvZEc_uw_output_08_7.mp4,3.833
hsmrvZEc_uw_output_08_8.mp4,3.778
hsmrvZEc_uw_output_08_9.mp4,5.0
hsmrvZEc_uw_output_09_0.mp4,2.0
hsmrvZEc_uw_output_09_1.mp4,1.0
hsmrvZEc_uw_output_09_2.mp4,2.5
hsmrvZEc_uw_output_09_3.mp4,3.667
hsmrvZEc_uw_output_09_4.mp4,2.833
hsmrvZEc_uw_output_09_5.mp4,2.0
hsmrvZEc_uw_output_09_7.mp4,3.2
hsmrvZEc_uw_output_09_8.mp4,2.556
hsmrvZEc_uw_output_09_9.mp4,3.0
nBb74qJHCc8_output_01_0.mp4,2.0
nBb74qJHCc8_output_01_2.mp4,3.667
nBb74qJHCc8_output_01_3.mp4,4.333
nBb74qJHCc8_output_01_6.mp4,4.0
nBb74qJHCc8_output_02_0.mp4,4.667
nBb74qJHCc8_output_02_2.mp4,2.333
nBb74qJHCc8_output_02_3.mp4,3.667
nBb74qJHCc8_output_02_4.mp4,3.667
nBb74qJHCc8_output_02_5.mp4,4.0
nBb74qJHCc8_output_02_6.mp4,3.25
nBb74qJHCc8_output_02_7.mp4,3.222
nBb74qJHCc8_output_02_8.mp4,3.0
nBb74qJHCc8_output_02_9.mp4,3.0
nBb74qJHCc8_output_03_0.mp4,4.667
nBb74qJHCc8_output_03_1.mp4,4.667
nBb74qJHCc8_output_03_2.mp4,4.5
nBb74qJHCc8_output_03_4.mp4,3.467
nBb74qJHCc8_output_03_5.mp4,4.0
nBb74qJHCc8_output_03_6.mp4,4.0
nBb74qJHCc8_output_03_7.mp4,3.111
nBb74qJHCc8_output_03_8.mp4,1.0
nBb74qJHCc8_output_03_9.mp4,1.0
nBb74qJHCc8_output_04_0.mp4,4.333
nBb74qJHCc8_output_04_1.mp4,5.0
nBb74qJHCc8_output_04_2.mp4,4.333
nBb74qJHCc8_output_04_3.mp4,3.5
nBb74qJHCc8_output_04_4.mp4,3.667
nBb74qJHCc8_output_04_5.mp4,4.0
nBb74qJHCc8_output_04_7.mp4,4.333
nBb74qJHCc8_output_04_8.mp4,2.0
nBb74qJHCc8_output_04_9.mp4,2.0
nBb74qJHCc8_output_05_0.mp4,4.333
nBb74qJHCc8_output_05_1.mp4,4.0
nBb74qJHCc8_output_05_2.mp4,3.667
nBb74qJHCc8_output_05_3.mp4,4.278
nBb74qJHCc8_output_05_5.mp4,3.0
nBb74qJHCc8_output_05_7.mp4,3.333
nBb74qJHCc8_output_06_0.mp4,1.0
nBb74qJHCc8_output_06_1.mp4,1.0
nBb74qJHCc8_output_06_2.mp4,1.0
nBb74qJHCc8_output_06_3.mp4,1.222
nBb74qJHCc8_output_06_4.mp4,1.167
nBb74qJHCc8_output_06_6.mp4,3.0
nBb74qJHCc8_output_06_7.mp4,2.667
nBb74qJHCc8_output_06_8.mp4,3.667
nBb74qJHCc8_output_06_9.mp4,4.0
nBb74qJHCc8_output_07_0.mp4,1.0
nBb74qJHCc8_output_07_1.mp4,2.0
nBb74qJHCc8_output_07_2.mp4,2.889
nBb74qJHCc8_output_07_3.mp4,3.667
nBb74qJHCc8_output_07_4.mp4,2.333
nBb74qJHCc8_output_07_5.mp4,3.5
nBb74qJHCc8_output_07_6.mp4,4.0
nBb74qJHCc8_output_07_7.mp4,2.333
nBb74qJHCc8_output_07_8.mp4,3.333
nBb74qJHCc8_output_07_9.mp4,5.0
nBb74qJHCc8_output_08_0.mp4,1.0
nBb74qJHCc8_output_08_1.mp4,2.0
nBb74qJHCc8_output_08_2.mp4,3.778
nBb74qJHCc8_output_08_3.mp4,4.0
nBb74qJHCc8_output_08_4.mp4,4.167
nBb74qJHCc8_output_08_5.mp4,4.0
nBb74qJHCc8_output_08_6.mp4,4.444
nBb74qJHCc8_output_08_7.mp4,4.667
nBb74qJHCc8_output_08_8.mp4,4.667
nBb74qJHCc8_output_08_9.mp4,5.0
nBb74qJHCc8_output_09_1.mp4,1.0
nBb74qJHCc8_output_09_2.mp4,3.333
nBb74qJHCc8_output_09_3.mp4,3.333
nBb74qJHCc8_output_09_4.mp4,3.667
nBb74qJHCc8_output_09_5.mp4,3.333
nBb74qJHCc8_output_09_6.mp4,4.0
nBb74qJHCc8_output_09_7.mp4,2.5
nBb74qJHCc8_output_09_8.mp4,4.333
nBb74qJHCc8_output_09_9.mp4,4.0
rC8IUax2p3k_output_01_0.mp4,2.0
rC8IUax2p3k_output_01_2.mp4,4.0
rC8IUax2p3k_output_01_3.mp4,4.667
rC8IUax2p3k_output_01_4.mp4,5.0
rC8IUax2p3k_output_01_6.mp4,4.556
rC8IUax2p3k_output_01_8.mp4,1.333
rC8IUax2p3k_output_01_9.mp4,1.0
rC8IUax2p3k_output_02_0.mp4,5.0
rC8IUax2p3k_output_02_1.mp4,4.667
rC8IUax2p3k_output_02_2.mp4,3.556
rC8IUax2p3k_output_02_3.mp4,3.333
rC8IUax2p3k_output_02_5.mp4,2.0
rC8IUax2p3k_output_02_9.mp4,1.0
rC8IUax2p3k_output_03_0.mp4,5.0
rC8IUax2p3k_output_03_1.mp4,5.0
rC8IUax2p3k_output_03_2.mp4,3.667
rC8IUax2p3k_output_03_3.mp4,3.5
rC8IUax2p3k_output_03_5.mp4,3.0
rC8IUax2p3k_output_03_6.mp4,2.111
rC8IUax2p3k_output_03_8.mp4,1.333
rC8IUax2p3k_output_03_9.mp4,1.0
rC8IUax2p3k_output_04_0.mp4,5.0
rC8IUax2p3k_output_04_3.mp4,4.0
rC8IUax2p3k_output_04_4.mp4,4.0
rC8IUax2p3k_output_04_7.mp4,2.222
rC8IUax2p3k_output_04_8.mp4,1.0
rC8IUax2p3k_output_04_9.mp4,1.0
rC8IUax2p3k_output_05_0.mp4,5.0
rC8IUax2p3k_output_05_1.mp4,5.0
rC8IUax2p3k_output_05_2.mp4,4.333
rC8IUax2p3k_output_05_3.mp4,2.75
rC8IUax2p3k_output_05_5.mp4,2.333
rC8IUax2p3k_output_05_6.mp4,1.333
rC8IUax2p3k_output_05_8.mp4,1.333
rC8IUax2p3k_output_06_0.mp4,1.0
rC8IUax2p3k_output_06_2.mp4,1.167
rC8IUax2p3k_output_06_4.mp4,1.933
rC8IUax2p3k_output_06_5.mp4,3.5
rC8IUax2p3k_output_06_6.mp4,2.667
rC8IUax2p3k_output_06_7.mp4,3.556
rC8IUax2p3k_output_06_8.mp4,4.167
rC8IUax2p3k_output_06_9.mp4,5.0
rC8IUax2p3k_output_07_0.mp4,1.333
rC8IUax2p3k_output_07_1.mp4,3.0
rC8IUax2p3k_output_07_2.mp4,1.333
rC8IUax2p3k_output_07_3.mp4,1.0
rC8IUax2p3k_output_07_4.mp4,3.333
rC8IUax2p3k_output_07_6.mp4,3.458
rC8IUax2p3k_output_07_8.mp4,2.833
rC8IUax2p3k_output_07_9.mp4,4.333
rC8IUax2p3k_output_08_0.mp4,2.0
rC8IUax2p3k_output_08_1.mp4,3.0
rC8IUax2p3k_output_08_2.mp4,4.0
rC8IUax2p3k_output_08_3.mp4,2.667
rC8IUax2p3k_output_08_4.mp4,3.667
rC8IUax2p3k_output_08_5.mp4,4.0
rC8IUax2p3k_output_08_6.mp4,4.267
rC8IUax2p3k_output_08_7.mp4,4.556
rC8IUax2p3k_output_08_9.mp4,5.0
rC8IUax2p3k_output_09_0.mp4,2.0
rC8IUax2p3k_output_09_1.mp4,3.0
rC8IUax2p3k_output_09_2.mp4,3.833
rC8IUax2p3k_output_09_3.mp4,4.5
rC8IUax2p3k_output_09_5.mp4,4.333
rC8IUax2p3k_output_09_6.mp4,3.5
rC8IUax2p3k_output_09_7.mp4,4.111
rC8IUax2p3k_output_09_8.mp4,4.0
rC8IUax2p3k_output_09_9.mp4,5.0
